source_lang,target_lang,translations
en,bn,62113
en,ur,46149
en,ta,42996
en,te,29423
en,pa,27843
en,hi,14545
en,ml,12661
ar,ur,12070
en,mr,8250
en,kn,7059
ur,skr,5888
en,ks,4968
en,si,4289
en,or,3779
en,sd,2593
en,gu,2380
en,ne,2211
en,as,1786
en,sat,1508
ur,sd,1147
ar,bn,826
ur,ps,816
bn,en,805
hi,pa,568
en,new,563
en,bh,551
es,bn,441
fa,ur,428
hi,gu,402
hi,ne,373
kn,tcy,334
bn,as,305
hi,ur,261
en,tcy,245
en,sa,230
hi,en,221
ml,en,195
hi,mr,193
en,mni,191
ur,en,165
ta,en,161
bn,hi,148
ur,pnb,143
ur,ks,130
gu,en,126
pa,ur,122
hi,te,119
te,en,94
simple,hi,89
en,awa,89
ur,bn,89
en,gom,88
simple,gu,83
en,mai,76
pa,hi,75
simple,pa,73
mr,en,72
ta,ml,72
ne,new,69
hi,bh,68
ar,ks,67
hi,bn,61
hi,sa,59
hi,kn,59
ps,ur,58
hi,uz,56
gu,hi,54
ar,sd,53
ur,hi,53
mr,ur,53
mr,hi,52
mr,gu,51
ur,ar,51
bn,ur,50
pnb,sd,49
en,anp,48
pa,en,46
as,bn,45
hi,as,42
pnb,ur,42
ne,dty,41
ne,en,40
simple,bn,39
kn,sa,38
or,sa,38
sd,ur,38
fa,sd,38
hi,sat,37
de,bn,36
si,en,36
es,hi,36
hi,mai,35
ru,ur,35
ur,fa,34
ur,pa,33
te,sa,33
tr,bn,32
ceb,ml,32
ml,ta,32
ml,sa,30
en,dty,30
kn,en,30
bn,ar,29
ta,te,28
ta,hi,28
ar,hi,28
ne,hi,27
hi,simple,27
ja,hi,27
simple,ur,25
or,en,24
hi,ks,24
as,en,24
simple,new,23
es,ur,23
ne,mai,23
simple,or,22
fr,hi,22
bn,simple,21
simple,te,21
fa,hi,21
id,hi,21
tg,ur,20
te,kn,19
te,hi,18
simple,ta,18
tt,ur,18
hi,ta,18
ta,ar,17
simple,si,17
de,hi,17
ar,sat,17
ja,as,16
bs,ur,16
hi,awa,16
hi,ml,16
id,si,15
ml,hi,15
or,sat,15
ta,simple,15
as,hi,15
pa,pnb,14
ar,ml,14
ta,ja,14
es,ne,14
kn,hi,14
fr,bn,14
hi,or,14
hi,new,13
fa,bn,13
pnb,pa,13
hi,anp,13
ja,bn,13
zh,bn,12
he,gu,12
pt,bn,12
ar,ta,12
tcy,kn,12
sa,te,11
ta,ko,11
pt,hi,11
bn,mr,11
ne,sa,11
kn,te,11
ta,si,11
simple,mr,11
eo,ur,11
he,bn,11
or,hi,10
kn,my,10
bn,fr,10
ru,hi,10
es,pa,10
mr,sa,10
en,bpy,10
ta,fr,10
sd,en,10
fr,si,9
bn,uk,9
tr,ur,9
hi,ko,9
km,or,9
fr,ks,9
gu,mr,9
pa,ta,9
bn,sa,8
ru,bn,8
es,mr,8
bn,ta,8
ku,sd,8
bn,bpy,8
simple,sd,8
bn,gu,8
ja,ta,8
bn,pa,8
te,bn,8
hi,hif,8
he,mr,8
mr,bn,8
ms,ta,8
hi,es,7
ta,gu,7
fr,gu,7
hi,ja,7
ml,te,7
bn,ne,7
bg,ur,7
as,mai,7
fr,ml,7
es,ta,7
ta,ms,7
az,ur,7
es,si,7
fr,ur,7
zh,ks,7
pa,mr,7
tr,ks,6
hi,ar,6
fa,pa,6
pa,ht,6
ru,pa,6
he,ur,6
zh,hi,6
bn,te,6
ta,ks,6
te,ta,6
eo,ml,6
ar,as,6
kk,ur,6
pa,ks,6
mai,hi,6
ko,ks,6
uz,ur,6
it,bn,6
de,ur,6
bn,es,5
te,ja,5
de,or,5
tr,hi,5
hi,zh,5
sd,fa,5
si,hi,5
fr,ta,5
bn,or,5
gu,ur,5
bn,sat,5
ja,si,5
fa,ks,5
nb,bn,5
sa,hi,5
af,ks,5
ur,tr,5
simple,ml,5
vi,ml,5
ta,kn,5
pl,ur,5
ja,mr,5
ne,bn,5
ko,bn,5
ro,or,5
hi,dty,5
id,ta,4
ml,ja,4
sa,ml,4
mai,ne,4
de,ta,4
id,ur,4
es,te,4
ur,simple,4
ta,mr,4
ca,ks,4
mai,en,4
en,pi,4
hi,id,4
ml,ur,4
hu,bn,4
ur,es,4
ur,uz,4
id,bn,4
ta,as,4
it,hi,4
as,ha,4
mai,bh,4
ro,hi,4
sv,bn,4
uz,bn,4
es,ml,4
bn,syl,4
fa,mr,4
dty,ne,4
ta,my,4
be,ur,4
pa,fr,4
hi,cr,4
fr,te,4
pt,ur,4
ta,bn,4
or,bn,4
as,or,3
nl,ur,3
ur,ms,3
tk,ur,3
he,ml,3
ur,arz,3
fa,te,3
sat,bn,3
ja,gu,3
id,pa,3
sv,ml,3
hy,ur,3
mk,ur,3
pa,gu,3
mr,ks,3
ta,zh,3
simple,mni,3
kn,bn,3
bn,pt,3
fr,sd,3
mr,te,3
pt,new,3
simple,kn,3
de,te,3
hi,th,3
sat,en,3
hi,ang,3
ne,bh,3
et,bn,3
arz,ur,3
bn,ms,3
hi,ckb,3
hi,de,3
mr,pa,3
ta,de,3
ml,fr,3
bn,ru,3
sa,en,3
pl,bn,3
bh,gu,3
bn,eo,3
fr,or,3
iu,ta,3
ta,id,3
mai,mr,3
nl,hi,3
ko,ur,3
hi,it,3
ceb,ta,3
simple,bh,3
ckb,hi,3
es,gu,3
bn,arz,3
si,fr,3
ks,en,3
la,ur,3
fr,ne,3
es,sd,3
ml,ar,3
bn,my,3
pt,ml,3
mr,kn,3
ml,es,3
ta,es,2
mai,gom,2
bh,hi,2
bn,si,2
sq,ur,2
ko,hi,2
mai,id,2
it,ta,2
mni,hif,2
ml,simple,2
bn,ko,2
ta,ne,2
eo,mr,2
it,ks,2
bpy,bn,2
ne,bo,2
hif,hi,2
ks,fa,2
fr,new,2
as,dz,2
pl,hi,2
ur,it,2
sr,ur,2
simple,sat,2
bh,as,2
bn,de,2
ur,kn,2
hi,pt,2
kn,gu,2
sa,bn,2
en-simple,ml,2
ar,si,2
vi,bn,2
fr,dty,2
ml,kn,2
hi,gom,2
tg,hi,2
az,ks,2
fr,pa,2
bn,gl,2
ml,my,2
bn,su,2
new,mr,2
te,mr,2
or,te,2
uk,hi,2
ro,bn,2
te,ru,2
mai,simple,2
ha,hi,2
uk,bn,2
ms,bn,2
pt,te,2
ur,ckb,2
hi,jv,2
ru,ml,2
mr,bh,2
so,hi,2
sd,ar,2
pa,bn,2
fi,gu,2
ps,hi,2
ur,gu,2
as,bh,2
sd,ks,2
de,as,2
bn,nl,2
hi,nl,2
simple,sa,2
bn,ckb,2
ka,ur,2
fi,ks,2
or,as,2
it,ml,2
mr,simple,2
uk,ur,2
hi,eo,2
as,ne,2
ru,ks,2
ta,eo,2
hi,fr,2
ar,mr,2
sa,kn,2
zh,ta,2
simple,ne,2
ps,sd,2
pt,ks,2
kn,ta,2
hu,hi,2
fr,mr,2
bn,ha,2
ml,si,2
awa,hi,2
war,ne,2
fy,bn,2
bn,it,2
el,ur,2
ur,ta,2
ro,ml,2
war,ta,2
zh,ur,2
hi,vi,2
ta,pt,2
es,new,2
bn,mni,2
he,hi,2
ckb,ks,2
de,ml,2
ha,si,2
ne,gu,2
ks,lg,2
scn,bn,2
de,si,2
ne,kn,2
bn,da,2
bn,pdc,2
es,mai,1
bh,en,1
ml,gu,1
mr,ta,1
ne,ru,1
kn,ks,1
ko,ta,1
te,fr,1
sa,gu,1
th,bn,1
eo,ks,1
id,ks,1
de,ne,1
pt,ne,1
st,bn,1
hi,gl,1
hi,sh,1
ne,simple,1
as,ta,1
or,ru,1
da,hi,1
ban,gu,1
de,bh,1
de,ks,1
bg,ne,1
tr,ta,1
bh,mr,1
ml,mr,1
bn,sr,1
sl,hi,1
af,mr,1
mni,bn,1
uk,awa,1
anp,hi,1
ur,af,1
ur,ne,1
hi,ha,1
hi,sr,1
sv,ks,1
fi,new,1
new,en,1
ta,iu,1
te,ml,1
or,ta,1
ps,bn,1
ps,ta,1
tt,bn,1
bn,gom,1
gpe,pa,1
ml,ru,1
eu,bn,1
ca,hi,1
hi,hu,1
ar,ne,1
arz,ks,1
fo,hi,1
te,or,1
ku,hi,1
az,ta,1
eo,gu,1
tl,ta,1
mai,rmy,1
bn,ace,1
dty,gl,1
pt,pa,1
ja,ml,1
ur,ca,1
hi,af,1
ca,sd,1
hi,tr,1
ceb,tcy,1
cr,bn,1
awa,mai,1
te,si,1
es,as,1
lt,bn,1
mai,uk,1
dty,pt,1
mr,az,1
et,mr,1
ur,da,1
ur,te,1
jv,si,1
ne,arz,1
yi,ur,1
pa,af,1
si,ar,1
pl,ne,1
zu,te,1
de,mai,1
tr,pa,1
bn,lo,1
gu,af,1
ha,mai,1
am,ur,1
bs,te,1
ar,awa,1
ur,en-simple,1
hi,az,1
ur,uk,1
nl,bn,1
ta,sa,1
bcl,hi,1
bn,bbc,1
ee,bn,1
gu,jv,1
bpy,war,1
ur,fr,1
ne,fr,1
as,awa,1
az,gu,1
en-simple,hi,1
ku,ur,1
sd,io,1
si,new,1
pi,mai,1
ml,be,1
gu,or,1
ur,he,1
hi,da,1
sv,hi,1
ks,pnb,1
rw,hi,1
sd,pnb,1
th,pi,1
si,ta,1
bn,ceb,1
ml,en-simple,1
el,bn,1
it,sd,1
mr,ne,1
hi,dz,1
ne,lo,1
as,gom,1
ta,ca,1
tcy,sa,1
sd,ta,1
pl,sa,1
mai,anp,1
ts,hi,1
gom,hi,1
ml,fa,1
he,ta,1
hi,en-simple,1
ckb,ta,1
fr,as,1
fr,gom,1
tr,kn,1
ps,or,1
bh,es,1
gl,hi,1
it,mr,1
bn,en-simple,1
af,hi,1
et,ur,1
ur,lg,1
ca,pa,1
hi,fi,1
ro,te,1
kn,ml,1
as,si,1
ta,fa,1
azb,ur,1
or,mr,1
eo,sa,1
simple,as,1
mai,gu,1
bh,ko,1
bn,et,1
ha,bh,1
ur,my,1
ne,ur,1
vi,ks,1
as,ur,1
sa,new,1
en-simple,tcy,1
fr,kn,1
eo,sd,1
mai,ks,1
ps,si,1
es,mni,1
mk,new,1
mni,gl,1
anp,mr,1
ca,as,1
hi,he,1
hi,su,1
ro,ur,1
ru,si,1
ban,hi,1
de,gu,1
mai,new,1
de,pa,1
ace,bn,1
pt,gu,1
haw,pa,1
sr,bn,1
he,mni,1
ur,az,1
ur,ro,1
jv,ks,1
fa,mni,1
sv,ta,1
ko,anp,1
fr,bh,1
war,ml,1
hy,si,1
sh,bn,1
bn,am,1
dty,gu,1
bn,hif,1
hi,tw,1
vi,ne,1
ckb,gom,1
sw,te,1
hu,ks,1
awa,sa,1
si,af,1
bg,sd,1
bn,ary,1
bn,ks,1
sl,ml,1
ha,kn,1
af,si,1
ur,de,1
fa,ne,1
uz,hi,1
ta,or,1
az,mr,1
eo,bn,1
ban,ml,1
es,awa,1
tn,as,1
es,ks,1
mk,bn,1
bn,ast,1
es,sat,1
bn,mn,1
af,bn,1
bpy,es,1
ha,mr,1
mr,gl,1
ms,si,1
hi,be,1
hi,mg,1
ks,ckb,1
sd,gu,1
pa,en-simple,1
ban,ne,1
si,ja,1
ig,sat,1
be-tarask,bn,1
pt,as,1
bn,bh,1
gu,ks,1
br,bn,1
ja,pa,1
mt,ur,1
hi,ms,1
nb,hi,1
ne,gl,1
ta,ty,1
ks,glk,1
az,or,1
th,or,1
eo,new,1
si,sq,1
de,mr,1
bn,bug,1
ml,ca,1
gu,pi,1
pt,mni,1
mr,mi,1
bs,hi,1
uk,ks,1
ar,sa,1
ceb,bn,1
ne,ht,1
tcy,gl,1
tg,bn,1
az,hi,1
hyw,ur,1
sd,simple,1
si,ur,1
simple,dty,1
es,bh,1
pnb,hi,1
ml,eo,1
ms,hi,1
ur,ja,1
hi,el,1
hi,pl,1
nb,te,1
kn,ckb,1
ch,gu,1
ast,sat,1
az,bn,1
pa,simple,1
ps,ne,1
bh,awa,1
bn,el,1
gom,pt,1
ur,ko,1
fa,kn,1
hi,ro,1
ne,pt,1
ckb,te,1
war,bn,1
te,eo,1
az,sd,1
or,eu,1
pa,zu,1
be,new,1
mai,en-simple,1
ps,pa,1
ml,id,1
bn,shi,1
iu,bn,1
ja,ks,1
ur,mni,1
hi,sco,1
ne,sd,1
kn,mr,1
as,simple,1
ckb,ur,1
te,it,1
or,or,1
gd,ks,1
bh,mai,1
bn,eu,1
gpe,as,1
ml,ko,1
bn,sm,1
ha,bn,1
anp,ha,1
uk,new,1
ca,gu,1
ur,mzn,1
hi,sq,1
ne,vec,1
te,mai,1
sa,si,1
en-simple,te,1
eo,si,1
pl,ta,1
bn,glk,1
ml,pa,1
mni,hi,1
ur,ary,1
fa,ta,1
new,ms,1
kn,zh,1
ast,bn,1
te,ne,1
hu,ur,1
zh,ne,1
mai,nl,1
bn,ab,1
dty,bn,1
es,tcy,1
bn,tr,1
af,pa,1
pt,or,1
hi,ace,1
hi,tn,1
sat,hi,1
lld,pa,1
tl,ur,1
it,as,1
mai,te,1
bn,ang,1
ml,tcy,1
bn,wuu,1
mr,ang,1
ur,cs,1
ca,si,1
hi,uk,1
awa,simple,1
te,ur,1
hy,ta,1
az,ml,1
si,am,1
gl,bn,1
bn,ln,1
ml,zh,1
he,ne,1
ur,ug,1
hi,la,1
ko,ml,1
ru,ta,1
pa,cr,1
tn,bn,1
be,hi,1
simple,mai,1
ps,gu,1
de,sa,1
bn,az,1
it,ur,1
bpy,gu,1
mr,gom,1
an,bn,1
ja,ur,1
ur,zh,1
ary,ta,1
ceb,ur,1
sd,hi,1
si,kaj,1
pi,hi,1
zh,sa,1
fy,hi,1
de,sd,1
bn,bi,1
ur,ha,1
sr,ta,1
ka,ta,1
nl,ks,1
ta,uk,1
az,pa,1
sd,ku,1
pa,hif,1
si,sv,1
bn,ca,1
bn,oc,1
gu,ta,1
pt,mr,1
mr,my,1
pt,sat,1
ur,id,1
ca,ur,1
as,es,1
ckb,sd,1
sd,skr,1
si,zh,1
pnb,ks,1
ps,ml,1
es,or,1
ug,sd,1
mr,pi,1
my,bn,1
ur,ka,1
nb,anp,1
hi,pnb,1
ne,mr,1
ta,dv,1
te,de,1
yue,bn,1
es,bpy,1
mai,da,1
