month,target_lang,translations
2015-03,kn,4
2015-03,pa,6
2015-04,gu,40
2015-04,kn,9
2015-05,gu,28
2015-05,hi,8
2015-05,kn,8
2015-05,pa,2
2015-06,as,9
2015-06,bn,24
2015-06,bpy,1
2015-06,gu,29
2015-06,hi,22
2015-06,kn,3
2015-06,ks,2
2015-06,mai,1
2015-06,ml,9
2015-06,mr,5
2015-06,ne,9
2015-06,new,1
2015-06,or,7
2015-06,pi,1
2015-06,pnb,1
2015-06,sa,1
2015-06,sd,1
2015-06,si,1
2015-06,ta,8
2015-06,te,16
2015-06,ur,13
2015-07,as,4
2015-07,bn,9
2015-07,gu,23
2015-07,hi,11
2015-07,kn,7
2015-07,mai,2
2015-07,ml,7
2015-07,mr,3
2015-07,ne,8
2015-07,or,6
2015-07,pa,5
2015-07,pnb,2
2015-07,sa,1
2015-07,sd,1
2015-07,si,4
2015-07,ta,27
2015-07,te,11
2015-07,ur,20
2015-08,as,6
2015-08,bn,19
2015-08,gu,29
2015-08,hi,15
2015-08,kn,6
2015-08,ml,16
2015-08,mr,8
2015-08,ne,1
2015-08,or,8
2015-08,pa,8
2015-08,sd,117
2015-08,si,2
2015-08,ta,92
2015-08,te,6
2015-08,ur,34
2015-09,as,3
2015-09,bn,22
2015-09,dv,1
2015-09,gom,1
2015-09,gu,27
2015-09,hi,22
2015-09,kn,8
2015-09,ml,13
2015-09,mr,2
2015-09,ne,6
2015-09,or,4
2015-09,pa,1
2015-09,pnb,1
2015-09,sd,103
2015-09,si,7
2015-09,ta,67
2015-09,te,5
2015-09,ur,23
2015-10,as,2
2015-10,bn,27
2015-10,gu,13
2015-10,hi,19
2015-10,kn,2
2015-10,ks,1
2015-10,ml,15
2015-10,ne,3
2015-10,pa,109
2015-10,sa,2
2015-10,sd,17
2015-10,si,4
2015-10,ta,11
2015-10,te,3
2015-10,ur,33
2015-11,as,1
2015-11,bn,63
2015-11,gu,13
2015-11,hi,38
2015-11,kn,10
2015-11,ml,34
2015-11,ne,5
2015-11,or,3
2015-11,pa,189
2015-11,sd,14
2015-11,si,3
2015-11,ta,18
2015-11,te,3
2015-11,ur,19
2015-12,bn,191
2015-12,gu,101
2015-12,hi,48
2015-12,kn,8
2015-12,ml,5
2015-12,mr,3
2015-12,ne,1
2015-12,new,7
2015-12,or,1
2015-12,pa,129
2015-12,pnb,1
2015-12,sa,1
2015-12,sd,36
2015-12,si,6
2015-12,ta,12
2015-12,te,11
2015-12,ur,18
2016-01,as,1
2016-01,bn,127
2016-01,gom,4
2016-01,gu,91
2016-01,hi,45
2016-01,kn,80
2016-01,ml,16
2016-01,mr,3
2016-01,new,1
2016-01,or,2
2016-01,pa,125
2016-01,sd,5
2016-01,si,1
2016-01,ta,59
2016-01,te,9
2016-01,ur,42
2016-02,as,1
2016-02,bn,57
2016-02,bpy,1
2016-02,gom,3
2016-02,gu,25
2016-02,hi,14
2016-02,kn,21
2016-02,mai,1
2016-02,ml,51
2016-02,mr,7
2016-02,ne,6
2016-02,new,1
2016-02,or,3
2016-02,pa,72
2016-02,pnb,1
2016-02,sd,3
2016-02,si,8
2016-02,ta,40
2016-02,te,5
2016-02,ur,10
2016-03,bn,43
2016-03,bpy,1
2016-03,gom,1
2016-03,gu,21
2016-03,hi,18
2016-03,kn,2
2016-03,ml,57
2016-03,mr,4
2016-03,ne,3
2016-03,or,5
2016-03,pa,164
2016-03,sd,45
2016-03,si,2
2016-03,ta,17
2016-03,te,10
2016-03,ur,18
2016-04,as,9
2016-04,bn,31
2016-04,gu,30
2016-04,hi,19
2016-04,kn,4
2016-04,mai,1
2016-04,ml,60
2016-04,mr,8
2016-04,new,1
2016-04,or,3
2016-04,pa,24
2016-04,sd,21
2016-04,si,34
2016-04,ta,65
2016-04,te,9
2016-04,ur,19
2016-05,as,3
2016-05,bn,60
2016-05,dv,2
2016-05,gom,1
2016-05,gu,26
2016-05,hi,42
2016-05,kn,3
2016-05,ml,44
2016-05,mr,6
2016-05,ne,1
2016-05,or,2
2016-05,pa,87
2016-05,pi,1
2016-05,pnb,1
2016-05,sd,8
2016-05,si,6
2016-05,ta,19
2016-05,te,8
2016-05,ur,4
2016-06,as,9
2016-06,bn,78
2016-06,gu,34
2016-06,hi,9
2016-06,kn,1
2016-06,ml,20
2016-06,mr,4
2016-06,ne,1
2016-06,or,1
2016-06,pa,77
2016-06,pnb,7
2016-06,sd,36
2016-06,si,2
2016-06,ta,50
2016-06,te,2
2016-06,ur,13
2016-07,as,22
2016-07,bn,120
2016-07,gu,26
2016-07,hi,51
2016-07,kn,6
2016-07,mai,2
2016-07,ml,76
2016-07,mr,5
2016-07,ne,2
2016-07,pa,208
2016-07,pnb,8
2016-07,sa,1
2016-07,sd,151
2016-07,si,4
2016-07,ta,48
2016-07,te,71
2016-07,ur,16
2016-08,as,6
2016-08,bn,76
2016-08,gu,11
2016-08,hi,91
2016-08,kn,22
2016-08,mai,2
2016-08,ml,99
2016-08,mr,3
2016-08,ne,1
2016-08,or,2
2016-08,pa,109
2016-08,sa,4
2016-08,sd,5
2016-08,si,8
2016-08,ta,41
2016-08,tcy,5
2016-08,te,75
2016-08,ur,72
2016-09,as,1
2016-09,bn,36
2016-09,gu,23
2016-09,hi,32
2016-09,kn,1
2016-09,mai,5
2016-09,ml,64
2016-09,mr,4
2016-09,ne,2
2016-09,or,52
2016-09,pa,49
2016-09,pnb,1
2016-09,sa,1
2016-09,sd,30
2016-09,si,19
2016-09,ta,62
2016-09,tcy,2
2016-09,te,38
2016-09,ur,41
2016-10,as,20
2016-10,bn,26
2016-10,gu,6
2016-10,hi,24
2016-10,mai,5
2016-10,ml,208
2016-10,mr,6
2016-10,ne,11
2016-10,new,1
2016-10,or,200
2016-10,pa,74
2016-10,pnb,3
2016-10,sa,1
2016-10,sd,183
2016-10,si,12
2016-10,ta,26
2016-10,te,42
2016-10,ur,67
2016-11,as,11
2016-11,bn,73
2016-11,gu,13
2016-11,hi,34
2016-11,kn,2
2016-11,ml,119
2016-11,mr,2
2016-11,ne,37
2016-11,or,219
2016-11,pa,84
2016-11,sa,6
2016-11,sd,15
2016-11,si,11
2016-11,ta,16
2016-11,tcy,1
2016-11,te,62
2016-11,ur,24
2016-12,as,4
2016-12,bn,91
2016-12,gom,3
2016-12,gu,7
2016-12,hi,29
2016-12,kn,2
2016-12,ml,97
2016-12,mr,3
2016-12,ne,9
2016-12,or,439
2016-12,pa,126
2016-12,sa,1
2016-12,sd,2
2016-12,si,3
2016-12,ta,22
2016-12,te,47
2016-12,ur,18
2017-01,as,9
2017-01,bn,91
2017-01,gu,46
2017-01,hi,60
2017-01,ml,47
2017-01,mr,12
2017-01,ne,4
2017-01,or,179
2017-01,pa,127
2017-01,pnb,1
2017-01,si,3
2017-01,ta,70
2017-01,te,46
2017-01,ur,8
2017-02,as,1
2017-02,bn,164
2017-02,gu,94
2017-02,hi,40
2017-02,kn,2
2017-02,ml,44
2017-02,mr,2
2017-02,ne,18
2017-02,or,3
2017-02,pa,42
2017-02,sa,1
2017-02,sd,11
2017-02,si,8
2017-02,ta,38
2017-02,te,8
2017-02,ur,25
2017-03,bn,166
2017-03,gu,132
2017-03,hi,125
2017-03,kn,11
2017-03,ml,156
2017-03,mr,10
2017-03,ne,4
2017-03,or,111
2017-03,pa,272
2017-03,sd,3
2017-03,si,40
2017-03,ta,47
2017-03,tcy,2
2017-03,te,42
2017-03,ur,20
2017-04,bn,44
2017-04,gu,75
2017-04,hi,183
2017-04,kn,14
2017-04,ml,115
2017-04,mr,2
2017-04,ne,2
2017-04,new,1
2017-04,or,10
2017-04,pa,166
2017-04,pnb,29
2017-04,sa,1
2017-04,si,4
2017-04,ta,49
2017-04,te,24
2017-04,ur,8
2017-05,as,2
2017-05,bn,23
2017-05,dty,2
2017-05,gu,43
2017-05,hi,115
2017-05,kn,5
2017-05,ml,100
2017-05,ne,4
2017-05,or,3
2017-05,pa,177
2017-05,pnb,19
2017-05,sa,1
2017-05,sd,16
2017-05,si,1
2017-05,ta,174
2017-05,tcy,1
2017-05,te,49
2017-05,ur,9
2017-06,as,2
2017-06,bn,20
2017-06,dty,1
2017-06,gu,57
2017-06,hi,31
2017-06,kn,35
2017-06,ks,11
2017-06,ml,173
2017-06,mr,3
2017-06,ne,11
2017-06,pa,215
2017-06,sd,2
2017-06,si,4
2017-06,ta,2074
2017-06,tcy,4
2017-06,te,18
2017-06,ur,1
2017-07,as,2
2017-07,bn,19
2017-07,bpy,1
2017-07,dty,1
2017-07,gu,20
2017-07,hi,23
2017-07,kn,5
2017-07,mai,1
2017-07,ml,50
2017-07,mr,3
2017-07,ne,2
2017-07,pa,86
2017-07,pnb,1
2017-07,sa,3
2017-07,si,3
2017-07,ta,3508
2017-07,tcy,3
2017-07,te,12
2017-07,ur,19
2017-08,bn,22
2017-08,dty,1
2017-08,dv,1
2017-08,gu,28
2017-08,hi,24
2017-08,kn,1
2017-08,ml,34
2017-08,mr,1
2017-08,ne,3
2017-08,or,1
2017-08,pa,170
2017-08,si,2
2017-08,ta,317
2017-08,tcy,1
2017-08,te,13
2017-08,ur,8
2017-09,bn,48
2017-09,bpy,1
2017-09,gu,20
2017-09,hi,47
2017-09,kn,5
2017-09,ml,44
2017-09,mr,8
2017-09,ne,3
2017-09,or,2
2017-09,pa,113
2017-09,pnb,1
2017-09,sa,1
2017-09,sd,1
2017-09,si,7
2017-09,ta,54
2017-09,tcy,2
2017-09,te,12
2017-09,ur,3
2017-10,bn,43
2017-10,gom,1
2017-10,gu,12
2017-10,hi,28
2017-10,kn,5
2017-10,ml,94
2017-10,or,3
2017-10,pa,134
2017-10,sd,2
2017-10,si,7
2017-10,ta,42
2017-10,tcy,4
2017-10,te,25
2017-10,ur,5
2017-11,bn,140
2017-11,gu,15
2017-11,hi,20
2017-11,kn,43
2017-11,mai,1
2017-11,ml,80
2017-11,mr,19
2017-11,ne,3
2017-11,or,1
2017-11,pa,118
2017-11,sa,7
2017-11,si,8
2017-11,ta,149
2017-11,tcy,2
2017-11,te,34
2017-11,ur,9
2017-12,as,1
2017-12,bn,83
2017-12,dty,2
2017-12,dv,1
2017-12,gu,5
2017-12,hi,43
2017-12,kn,77
2017-12,ml,143
2017-12,mr,8
2017-12,ne,1
2017-12,pa,89
2017-12,si,2
2017-12,ta,192
2017-12,tcy,2
2017-12,te,15
2017-12,ur,6
2018-01,bn,50
2018-01,dty,2
2018-01,gu,8
2018-01,hi,42
2018-01,kn,79
2018-01,ks,1
2018-01,ml,315
2018-01,mr,21
2018-01,ne,1
2018-01,or,2
2018-01,pa,90
2018-01,si,17
2018-01,ta,49
2018-01,tcy,1
2018-01,te,7
2018-01,ur,2
2018-02,bn,78
2018-02,dty,1
2018-02,gu,11
2018-02,hi,25
2018-02,kn,18
2018-02,ml,121
2018-02,mr,8
2018-02,ne,3
2018-02,or,1
2018-02,pa,95
2018-02,sa,1
2018-02,sd,1
2018-02,si,5
2018-02,ta,42
2018-02,te,18
2018-02,ur,18
2018-03,bn,155
2018-03,dty,2
2018-03,gu,51
2018-03,hi,52
2018-03,kn,25
2018-03,ml,162
2018-03,mr,13
2018-03,ne,1
2018-03,or,6
2018-03,pa,215
2018-03,pnb,2
2018-03,sd,10
2018-03,si,31
2018-03,ta,53
2018-03,tcy,2
2018-03,te,11
2018-03,ur,4
2018-04,bn,69
2018-04,dty,7
2018-04,dv,1
2018-04,gu,33
2018-04,hi,57
2018-04,kn,4
2018-04,ml,145
2018-04,mr,6
2018-04,ne,5
2018-04,new,1
2018-04,or,15
2018-04,pa,318
2018-04,sd,5
2018-04,si,2
2018-04,ta,78
2018-04,te,21
2018-04,ur,9
2018-05,bn,59
2018-05,dty,1
2018-05,gu,60
2018-05,hi,153
2018-05,kn,7
2018-05,ml,65
2018-05,mr,7
2018-05,ne,16
2018-05,new,1
2018-05,or,2
2018-05,pa,742
2018-05,sa,1
2018-05,sd,22
2018-05,si,16
2018-05,ta,273
2018-05,te,41
2018-05,ur,12
2018-06,bn,63
2018-06,gu,50
2018-06,hi,13
2018-06,kn,3
2018-06,ml,34
2018-06,mr,16
2018-06,ne,7
2018-06,or,3
2018-06,pa,105
2018-06,sd,7
2018-06,si,11
2018-06,ta,390
2018-06,te,77
2018-06,ur,6
2018-07,bn,35
2018-07,gu,54
2018-07,hi,26
2018-07,kn,14
2018-07,ml,27
2018-07,mr,2
2018-07,ne,1
2018-07,or,4
2018-07,pa,98
2018-07,sd,1
2018-07,si,1
2018-07,ta,33
2018-07,te,48
2018-07,ur,5
2018-08,bn,61
2018-08,gom,3
2018-08,gu,99
2018-08,hi,56
2018-08,kn,3
2018-08,ks,1
2018-08,ml,92
2018-08,mr,3
2018-08,ne,17
2018-08,or,6
2018-08,pa,128
2018-08,pi,1
2018-08,sa,3
2018-08,sat,3
2018-08,sd,1
2018-08,si,10
2018-08,ta,33
2018-08,te,4
2018-08,ur,19
2018-09,as,3
2018-09,bn,78
2018-09,gom,1
2018-09,gu,40
2018-09,hi,32
2018-09,kn,1
2018-09,mai,1
2018-09,ml,133
2018-09,mr,4
2018-09,ne,5
2018-09,new,1
2018-09,or,6
2018-09,pa,103
2018-09,sat,6
2018-09,si,1
2018-09,ta,30
2018-09,te,12
2018-09,ur,23
2018-10,bn,62
2018-10,gom,11
2018-10,gu,14
2018-10,hi,22
2018-10,kn,3
2018-10,mai,1
2018-10,ml,84
2018-10,mr,6
2018-10,ne,22
2018-10,new,9
2018-10,or,13
2018-10,pa,212
2018-10,sat,4
2018-10,sd,1
2018-10,ta,59
2018-10,te,14
2018-10,ur,36
2018-11,bn,138
2018-11,gom,32
2018-11,gu,3
2018-11,hi,24
2018-11,kn,5
2018-11,mai,14
2018-11,ml,29
2018-11,mr,18
2018-11,ne,33
2018-11,new,45
2018-11,or,17
2018-11,pa,111
2018-11,sd,1
2018-11,si,1
2018-11,ta,55
2018-11,tcy,1
2018-11,te,22
2018-11,ur,17
2018-12,as,7
2018-12,bn,23
2018-12,dty,1
2018-12,dv,4
2018-12,gom,5
2018-12,gu,2
2018-12,hi,24
2018-12,kn,6
2018-12,mai,1
2018-12,ml,31
2018-12,mr,14
2018-12,ne,27
2018-12,or,5
2018-12,pa,48
2018-12,si,1
2018-12,ta,29
2018-12,te,5
2018-12,ur,9
2019-01,as,16
2019-01,bn,53
2019-01,dty,1
2019-01,gom,6
2019-01,gu,16
2019-01,hi,54
2019-01,kn,38
2019-01,ml,66
2019-01,mr,4
2019-01,ne,16
2019-01,or,14
2019-01,pa,46
2019-01,pnb,1
2019-01,si,4
2019-01,ta,75
2019-01,te,7
2019-01,ur,12
2019-02,as,4
2019-02,bn,75
2019-02,gu,13
2019-02,hi,69
2019-02,kn,32
2019-02,ml,80
2019-02,mr,2
2019-02,ne,7
2019-02,new,6
2019-02,or,21
2019-02,pa,80
2019-02,pnb,1
2019-02,sa,1
2019-02,sat,3
2019-02,sd,2
2019-02,si,4
2019-02,ta,182
2019-02,tcy,3
2019-02,te,8
2019-02,ur,13
2019-03,as,5
2019-03,bn,105
2019-03,bpy,2
2019-03,gu,4
2019-03,hi,204
2019-03,kn,63
2019-03,ml,142
2019-03,mr,9
2019-03,ne,13
2019-03,new,1
2019-03,or,9
2019-03,pa,87
2019-03,sat,12
2019-03,si,6
2019-03,ta,292
2019-03,tcy,1
2019-03,te,15
2019-03,ur,10
2019-04,as,1
2019-04,bn,272
2019-04,gu,6
2019-04,hi,67
2019-04,kn,76
2019-04,ml,38
2019-04,mr,2
2019-04,ne,10
2019-04,new,3
2019-04,or,4
2019-04,pa,47
2019-04,sat,15
2019-04,sd,5
2019-04,si,4
2019-04,ta,53
2019-04,te,7
2019-04,ur,20
2019-05,as,3
2019-05,bn,255
2019-05,gu,11
2019-05,hi,38
2019-05,kn,83
2019-05,ml,23
2019-05,mr,5
2019-05,ne,16
2019-05,or,13
2019-05,pa,45
2019-05,sat,21
2019-05,sd,5
2019-05,ta,85
2019-05,te,6
2019-05,ur,26
2019-06,as,7
2019-06,bn,189
2019-06,bpy,1
2019-06,gu,10
2019-06,hi,59
2019-06,kn,60
2019-06,ml,50
2019-06,mr,5
2019-06,ne,6
2019-06,or,6
2019-06,pa,65
2019-06,sat,6
2019-06,sd,2
2019-06,ta,75
2019-06,te,7
2019-06,ur,37
2019-07,as,7
2019-07,bn,430
2019-07,dty,2
2019-07,gu,15
2019-07,hi,63
2019-07,kn,41
2019-07,ml,33
2019-07,mr,3
2019-07,ne,9
2019-07,new,1
2019-07,or,5
2019-07,pa,81
2019-07,sat,6
2019-07,sd,1
2019-07,si,1
2019-07,ta,53
2019-07,te,7
2019-07,ur,21
2019-08,as,4
2019-08,bn,507
2019-08,gu,16
2019-08,hi,67
2019-08,kn,23
2019-08,ml,209
2019-08,mr,9
2019-08,ne,7
2019-08,new,1
2019-08,or,1
2019-08,pa,130
2019-08,sat,5
2019-08,sd,2
2019-08,si,5
2019-08,ta,130
2019-08,tcy,1
2019-08,te,16
2019-08,ur,18
2019-09,bn,455
2019-09,dty,1
2019-09,gu,20
2019-09,hi,39
2019-09,kn,46
2019-09,ml,100
2019-09,mr,14
2019-09,ne,8
2019-09,or,7
2019-09,pa,88
2019-09,sat,1
2019-09,sd,1
2019-09,si,1
2019-09,ta,149
2019-09,tcy,6
2019-09,te,22
2019-09,ur,14
2019-10,as,3
2019-10,bn,495
2019-10,gu,31
2019-10,hi,125
2019-10,kn,67
2019-10,ml,215
2019-10,mr,4
2019-10,ne,19
2019-10,or,8
2019-10,pa,447
2019-10,sat,1
2019-10,sd,2
2019-10,si,1
2019-10,ta,151
2019-10,tcy,2
2019-10,te,30
2019-10,ur,112
2019-11,as,5
2019-11,bn,472
2019-11,gu,67
2019-11,hi,76
2019-11,kn,43
2019-11,ml,207
2019-11,mr,9
2019-11,ne,4
2019-11,or,5
2019-11,pa,488
2019-11,pnb,1
2019-11,si,4
2019-11,ta,705
2019-11,tcy,5
2019-11,te,27
2019-11,ur,173
2019-12,as,2
2019-12,bn,423
2019-12,gu,33
2019-12,hi,56
2019-12,kn,47
2019-12,ml,142
2019-12,mr,11
2019-12,ne,5
2019-12,new,1
2019-12,or,8
2019-12,pa,530
2019-12,pnb,3
2019-12,sat,2
2019-12,sd,1
2019-12,si,1
2019-12,ta,563
2019-12,te,232
2019-12,ur,146
2020-01,as,9
2020-01,bn,262
2020-01,gom,1
2020-01,gu,12
2020-01,hi,33
2020-01,kn,77
2020-01,ml,89
2020-01,mr,2
2020-01,ne,6
2020-01,or,4
2020-01,pa,270
2020-01,pnb,1
2020-01,sa,1
2020-01,si,4
2020-01,ta,550
2020-01,te,14
2020-01,ur,148
2020-02,as,5
2020-02,bn,270
2020-02,gu,19
2020-02,hi,102
2020-02,kn,54
2020-02,ml,61
2020-02,mr,16
2020-02,or,26
2020-02,pa,88
2020-02,si,1
2020-02,ta,277
2020-02,tcy,2
2020-02,te,24
2020-02,ur,50
2020-03,as,4
2020-03,bn,496
2020-03,bpy,1
2020-03,dty,1
2020-03,gu,22
2020-03,hi,233
2020-03,kn,73
2020-03,ks,1
2020-03,mai,3
2020-03,ml,233
2020-03,mr,14
2020-03,ne,25
2020-03,new,1
2020-03,or,6
2020-03,pa,188
2020-03,pnb,3
2020-03,sd,21
2020-03,si,3
2020-03,ta,506
2020-03,tcy,1
2020-03,te,20
2020-03,ur,65
2020-04,as,5
2020-04,bn,442
2020-04,dty,1
2020-04,gu,7
2020-04,hi,104
2020-04,kn,115
2020-04,ml,299
2020-04,mr,32
2020-04,ne,22
2020-04,or,7
2020-04,pa,171
2020-04,sd,13
2020-04,si,10
2020-04,ta,315
2020-04,te,28
2020-04,ur,94
2020-05,as,59
2020-05,awa,2
2020-05,bn,614
2020-05,dty,1
2020-05,gu,18
2020-05,hi,70
2020-05,kn,92
2020-05,ml,165
2020-05,mr,68
2020-05,ne,10
2020-05,or,5
2020-05,pa,123
2020-05,pnb,2
2020-05,sd,4
2020-05,si,9
2020-05,ta,115
2020-05,te,35
2020-05,ur,49
2020-06,as,29
2020-06,bn,425
2020-06,bpy,1
2020-06,dty,2
2020-06,dv,3
2020-06,gu,11
2020-06,hi,51
2020-06,kn,55
2020-06,mai,1
2020-06,ml,63
2020-06,mr,45
2020-06,ne,14
2020-06,or,10
2020-06,pa,76
2020-06,pnb,1
2020-06,sat,2
2020-06,si,7
2020-06,ta,146
2020-06,te,26
2020-06,ur,218
2020-07,as,9
2020-07,awa,1
2020-07,bn,498
2020-07,dty,1
2020-07,gu,3
2020-07,hi,88
2020-07,kn,175
2020-07,ml,114
2020-07,mr,114
2020-07,ne,30
2020-07,or,8
2020-07,pa,130
2020-07,pnb,2
2020-07,ta,207
2020-07,te,3
2020-07,ur,420
2020-08,as,9
2020-08,bn,493
2020-08,gu,19
2020-08,hi,166
2020-08,kn,79
2020-08,mai,4
2020-08,ml,158
2020-08,mr,23
2020-08,ne,57
2020-08,or,7
2020-08,pa,66
2020-08,sa,3
2020-08,sat,1
2020-08,si,21
2020-08,ta,276
2020-08,te,39
2020-08,ur,208
2020-09,as,5
2020-09,awa,1
2020-09,bn,244
2020-09,gu,11
2020-09,hi,107
2020-09,kn,51
2020-09,mai,4
2020-09,ml,100
2020-09,mr,21
2020-09,ne,6
2020-09,or,5
2020-09,pa,42
2020-09,pnb,1
2020-09,sa,1
2020-09,si,11
2020-09,ta,408
2020-09,te,53
2020-09,ur,235
2020-10,as,15
2020-10,bn,313
2020-10,gu,40
2020-10,hi,47
2020-10,kn,45
2020-10,ml,47
2020-10,mr,19
2020-10,ne,9
2020-10,or,9
2020-10,pa,67
2020-10,pnb,1
2020-10,sat,1
2020-10,sd,1
2020-10,si,11
2020-10,ta,506
2020-10,te,159
2020-10,ur,62
2020-11,bn,720
2020-11,gom,1
2020-11,gu,105
2020-11,hi,57
2020-11,kn,34
2020-11,mai,1
2020-11,ml,137
2020-11,mr,27
2020-11,ne,33
2020-11,new,3
2020-11,or,24
2020-11,pa,79
2020-11,sd,10
2020-11,ta,232
2020-11,te,170
2020-11,ur,149
2020-12,as,6
2020-12,bn,752
2020-12,gu,27
2020-12,hi,65
2020-12,kn,26
2020-12,ml,89
2020-12,mr,134
2020-12,ne,32
2020-12,or,3
2020-12,pa,70
2020-12,pnb,1
2020-12,sat,4
2020-12,sd,11
2020-12,si,5
2020-12,ta,482
2020-12,te,199
2020-12,ur,210
2021-01,as,4
2021-01,bn,987
2021-01,gu,97
2021-01,hi,140
2021-01,kn,36
2021-01,ml,132
2021-01,mr,78
2021-01,ne,4
2021-01,or,3
2021-01,pa,106
2021-01,pnb,2
2021-01,sd,1
2021-01,ta,666
2021-01,te,290
2021-01,ur,57
2021-02,as,14
2021-02,bn,757
2021-02,gu,20
2021-02,hi,87
2021-02,kn,16
2021-02,ks,3
2021-02,ml,126
2021-02,mr,61
2021-02,ne,3
2021-02,or,2
2021-02,pa,147
2021-02,pnb,3
2021-02,sd,8
2021-02,si,1
2021-02,ta,527
2021-02,te,88
2021-02,ur,280
2021-03,as,3
2021-03,bn,809
2021-03,gu,12
2021-03,hi,108
2021-03,kn,17
2021-03,ks,24
2021-03,ml,151
2021-03,mni,3
2021-03,mr,33
2021-03,ne,8
2021-03,or,11
2021-03,pa,292
2021-03,pnb,4
2021-03,sa,1
2021-03,sat,1
2021-03,sd,10
2021-03,si,4
2021-03,ta,547
2021-03,te,70
2021-03,ur,541
2021-04,as,2
2021-04,bn,425
2021-04,gu,4
2021-04,hi,64
2021-04,kn,7
2021-04,ml,138
2021-04,mni,2
2021-04,mr,54
2021-04,ne,13
2021-04,or,4
2021-04,pa,229
2021-04,pnb,3
2021-04,sa,1
2021-04,sd,1
2021-04,si,6
2021-04,ta,508
2021-04,te,46
2021-04,ur,27
2021-05,as,20
2021-05,bn,570
2021-05,gu,6
2021-05,hi,234
2021-05,kn,35
2021-05,mai,1
2021-05,ml,782
2021-05,mr,16
2021-05,ne,43
2021-05,or,21
2021-05,pa,65
2021-05,pnb,5
2021-05,sat,2
2021-05,sd,6
2021-05,si,4
2021-05,ta,517
2021-05,te,151
2021-05,ur,38
2021-06,as,1
2021-06,bn,707
2021-06,gu,8
2021-06,hi,85
2021-06,kn,6
2021-06,ml,176
2021-06,mni,1
2021-06,mr,34
2021-06,ne,51
2021-06,or,40
2021-06,pa,36
2021-06,sa,2
2021-06,sd,1
2021-06,si,20
2021-06,ta,555
2021-06,te,133
2021-06,ur,72
2021-07,as,7
2021-07,bn,704
2021-07,gu,13
2021-07,hi,100
2021-07,kn,6
2021-07,ks,21
2021-07,ml,142
2021-07,mni,3
2021-07,mr,17
2021-07,ne,63
2021-07,or,24
2021-07,pa,32
2021-07,pnb,2
2021-07,sa,2
2021-07,sd,1
2021-07,si,19
2021-07,ta,639
2021-07,tcy,1
2021-07,te,124
2021-07,ur,234
2021-08,as,4
2021-08,bn,310
2021-08,gom,1
2021-08,gu,6
2021-08,hi,106
2021-08,kn,18
2021-08,ks,5
2021-08,ml,105
2021-08,mni,10
2021-08,mr,9
2021-08,ne,65
2021-08,new,1
2021-08,or,32
2021-08,pa,84
2021-08,pnb,5
2021-08,sa,1
2021-08,sd,1
2021-08,si,13
2021-08,ta,349
2021-08,te,88
2021-08,ur,122
2021-09,as,18
2021-09,awa,2
2021-09,bn,977
2021-09,gu,45
2021-09,hi,78
2021-09,kn,28
2021-09,ks,2
2021-09,mai,3
2021-09,ml,101
2021-09,mr,43
2021-09,ne,43
2021-09,or,37
2021-09,pa,73
2021-09,pnb,7
2021-09,sa,1
2021-09,sd,28
2021-09,si,36
2021-09,ta,876
2021-09,tcy,1
2021-09,te,244
2021-09,ur,59
2021-10,as,2
2021-10,bn,190
2021-10,dty,1
2021-10,gu,14
2021-10,hi,206
2021-10,kn,85
2021-10,ks,5
2021-10,ml,80
2021-10,mni,19
2021-10,mr,22
2021-10,ne,26
2021-10,or,55
2021-10,pa,82
2021-10,sat,2
2021-10,sd,2
2021-10,si,20
2021-10,ta,460
2021-10,te,192
2021-10,ur,254
2021-11,as,7
2021-11,bn,262
2021-11,gu,12
2021-11,hi,224
2021-11,kn,72
2021-11,ml,105
2021-11,mni,21
2021-11,mr,41
2021-11,ne,34
2021-11,new,1
2021-11,or,65
2021-11,pa,165
2021-11,sd,13
2021-11,si,14
2021-11,ta,368
2021-11,te,125
2021-11,ur,316
2021-12,as,2
2021-12,bn,378
2021-12,gu,5
2021-12,hi,133
2021-12,kn,175
2021-12,ks,1
2021-12,ml,66
2021-12,mni,1
2021-12,mr,38
2021-12,ne,43
2021-12,or,29
2021-12,pa,124
2021-12,pnb,2
2021-12,sa,5
2021-12,sat,2
2021-12,sd,4
2021-12,si,18
2021-12,ta,291
2021-12,te,87
2021-12,ur,364
2022-01,bn,730
2022-01,gu,4
2022-01,hi,146
2022-01,kn,138
2022-01,ml,56
2022-01,mni,2
2022-01,mr,24
2022-01,ne,16
2022-01,or,20
2022-01,pa,53
2022-01,si,4
2022-01,ta,408
2022-01,te,191
2022-01,ur,36
2022-02,as,2
2022-02,bn,920
2022-02,dv,1
2022-02,gu,4
2022-02,hi,173
2022-02,kn,158
2022-02,ks,3
2022-02,ml,49
2022-02,mr,98
2022-02,ne,7
2022-02,or,30
2022-02,pa,56
2022-02,pnb,1
2022-02,sa,3
2022-02,sd,1
2022-02,si,10
2022-02,ta,381
2022-02,te,112
2022-02,ur,254
2022-03,as,3
2022-03,bn,649
2022-03,dv,3
2022-03,gu,8
2022-03,hi,170
2022-03,kn,104
2022-03,ks,7
2022-03,ml,92
2022-03,mr,266
2022-03,ne,16
2022-03,or,95
2022-03,pa,233
2022-03,sa,4
2022-03,sd,2
2022-03,si,3
2022-03,ta,318
2022-03,te,101
2022-03,ur,679
2022-04,as,2
2022-04,bn,1004
2022-04,gu,33
2022-04,hi,63
2022-04,kn,46
2022-04,ks,8
2022-04,ml,52
2022-04,mni,1
2022-04,mr,86
2022-04,ne,23
2022-04,or,54
2022-04,pa,221
2022-04,pnb,1
2022-04,sat,5
2022-04,sd,2
2022-04,si,7
2022-04,ta,252
2022-04,te,76
2022-04,ur,184
2022-05,as,34
2022-05,bn,319
2022-05,gu,32
2022-05,hi,149
2022-05,kn,56
2022-05,ks,54
2022-05,ml,49
2022-05,mr,49
2022-05,ne,31
2022-05,or,61
2022-05,pa,176
2022-05,sa,1
2022-05,sd,2
2022-05,si,28
2022-05,ta,264
2022-05,te,75
2022-05,ur,198
2022-06,as,4
2022-06,bn,762
2022-06,dv,5
2022-06,gu,10
2022-06,hi,30
2022-06,kn,62
2022-06,ks,24
2022-06,ml,46
2022-06,mr,54
2022-06,ne,15
2022-06,or,29
2022-06,pa,127
2022-06,sd,6
2022-06,si,26
2022-06,ta,269
2022-06,te,117
2022-06,ur,181
2022-07,as,12
2022-07,bn,1064
2022-07,gu,4
2022-07,hi,77
2022-07,kn,103
2022-07,ks,2
2022-07,mai,3
2022-07,ml,73
2022-07,mr,44
2022-07,ne,54
2022-07,or,69
2022-07,pa,150
2022-07,pnb,1
2022-07,sa,2
2022-07,sd,2
2022-07,si,23
2022-07,ta,242
2022-07,tcy,16
2022-07,te,113
2022-07,ur,1228
2022-08,as,25
2022-08,bn,694
2022-08,gu,9
2022-08,hi,145
2022-08,kn,330
2022-08,ks,1
2022-08,ml,109
2022-08,mni,2
2022-08,mr,97
2022-08,ne,22
2022-08,new,1
2022-08,or,62
2022-08,pa,144
2022-08,pnb,1
2022-08,sa,1
2022-08,sat,1
2022-08,si,11
2022-08,ta,238
2022-08,tcy,11
2022-08,te,58
2022-08,ur,1827
2022-09,as,10
2022-09,bn,829
2022-09,gu,10
2022-09,hi,170
2022-09,kn,127
2022-09,ks,2
2022-09,ml,88
2022-09,mni,12
2022-09,mr,128
2022-09,ne,32
2022-09,or,19
2022-09,pa,153
2022-09,sa,5
2022-09,sd,2
2022-09,si,7
2022-09,ta,239
2022-09,tcy,1
2022-09,te,64
2022-09,ur,1155
2022-10,as,13
2022-10,bn,635
2022-10,dv,2
2022-10,gu,13
2022-10,hi,231
2022-10,kn,309
2022-10,ks,8
2022-10,ml,91
2022-10,mni,10
2022-10,mr,42
2022-10,ne,43
2022-10,or,37
2022-10,pa,146
2022-10,pnb,4
2022-10,sa,6
2022-10,si,15
2022-10,ta,298
2022-10,tcy,4
2022-10,te,182
2022-10,ur,826
2022-11,as,10
2022-11,bn,1008
2022-11,gom,1
2022-11,gu,7
2022-11,hi,80
2022-11,kn,186
2022-11,ks,29
2022-11,mai,2
2022-11,ml,208
2022-11,mni,4
2022-11,mr,89
2022-11,ne,32
2022-11,or,37
2022-11,pa,129
2022-11,pnb,3
2022-11,sa,5
2022-11,sd,17
2022-11,si,22
2022-11,ta,255
2022-11,tcy,1
2022-11,te,99
2022-11,ur,1003
2022-12,as,6
2022-12,bn,895
2022-12,dv,3
2022-12,gom,1
2022-12,gu,5
2022-12,hi,180
2022-12,kn,140
2022-12,ks,15
2022-12,mai,1
2022-12,ml,59
2022-12,mni,4
2022-12,mr,193
2022-12,ne,46
2022-12,or,19
2022-12,pa,179
2022-12,pi,1
2022-12,pnb,3
2022-12,sa,9
2022-12,sd,4
2022-12,si,4
2022-12,ta,286
2022-12,tcy,1
2022-12,te,91
2022-12,ur,1730
2023-01,as,3
2023-01,bn,962
2023-01,gu,4
2023-01,hi,67
2023-01,kn,105
2023-01,ks,22
2023-01,mai,2
2023-01,ml,965
2023-01,mni,2
2023-01,mr,80
2023-01,ne,32
2023-01,or,48
2023-01,pa,148
2023-01,pnb,2
2023-01,sa,8
2023-01,sat,4
2023-01,sd,1
2023-01,si,6
2023-01,ta,291
2023-01,te,69
2023-01,ur,1038
2023-02,as,12
2023-02,bn,1110
2023-02,dv,9
2023-02,gu,10
2023-02,hi,125
2023-02,kn,86
2023-02,ks,14
2023-02,mai,1
2023-02,ml,79
2023-02,mni,7
2023-02,mr,141
2023-02,ne,15
2023-02,new,1
2023-02,or,51
2023-02,pa,1239
2023-02,sa,1
2023-02,sat,11
2023-02,sd,2
2023-02,si,9
2023-02,ta,829
2023-02,te,64
2023-02,ur,1145
2023-03,anp,3
2023-03,as,30
2023-03,bn,1236
2023-03,dty,2
2023-03,dv,2
2023-03,gu,12
2023-03,hi,404
2023-03,kn,61
2023-03,ks,12
2023-03,ml,42
2023-03,mni,4
2023-03,mr,103
2023-03,ne,13
2023-03,or,45
2023-03,pa,2328
2023-03,sa,5
2023-03,si,21
2023-03,ta,873
2023-03,te,73
2023-03,ur,620
2023-04,anp,5
2023-04,as,40
2023-04,bn,518
2023-04,dv,1
2023-04,gu,21
2023-04,hi,277
2023-04,kn,28
2023-04,ks,63
2023-04,ml,39
2023-04,mni,1
2023-04,mr,223
2023-04,ne,17
2023-04,or,72
2023-04,pa,2231
2023-04,pnb,2
2023-04,sa,6
2023-04,sd,1
2023-04,si,239
2023-04,ta,261
2023-04,te,80
2023-04,ur,891
2023-05,anp,1
2023-05,as,37
2023-05,bn,474
2023-05,dv,1
2023-05,gu,9
2023-05,hi,245
2023-05,kn,18
2023-05,ks,35
2023-05,mai,4
2023-05,ml,94
2023-05,mr,154
2023-05,ne,42
2023-05,new,1
2023-05,or,88
2023-05,pa,1419
2023-05,sa,33
2023-05,sd,1
2023-05,si,307
2023-05,ta,205
2023-05,te,141
2023-05,ur,739
2023-06,as,14
2023-06,bn,723
2023-06,dty,1
2023-06,gom,1
2023-06,gu,18
2023-06,hi,284
2023-06,kn,67
2023-06,ks,68
2023-06,ml,89
2023-06,mni,1
2023-06,mr,125
2023-06,ne,49
2023-06,or,76
2023-06,pa,452
2023-06,pnb,2
2023-06,sa,5
2023-06,sat,58
2023-06,sd,3
2023-06,si,60
2023-06,ta,352
2023-06,te,113
2023-06,ur,565
2023-07,anp,2
2023-07,as,9
2023-07,awa,2
2023-07,bn,629
2023-07,gom,3
2023-07,gu,6
2023-07,hi,293
2023-07,kn,82
2023-07,ks,72
2023-07,mai,8
2023-07,ml,140
2023-07,mr,73
2023-07,ne,32
2023-07,new,1
2023-07,or,81
2023-07,pa,124
2023-07,pnb,1
2023-07,sa,4
2023-07,sat,49
2023-07,si,52
2023-07,ta,555
2023-07,tcy,1
2023-07,te,186
2023-07,ur,737
2023-08,anp,3
2023-08,as,7
2023-08,bn,786
2023-08,dty,1
2023-08,gom,1
2023-08,gu,21
2023-08,hi,477
2023-08,kn,53
2023-08,ks,22
2023-08,mai,4
2023-08,ml,132
2023-08,mni,1
2023-08,mr,142
2023-08,ne,50
2023-08,or,89
2023-08,pa,149
2023-08,pnb,2
2023-08,sa,19
2023-08,sat,221
2023-08,si,15
2023-08,ta,533
2023-08,tcy,2
2023-08,te,853
2023-08,ur,395
2023-09,anp,1
2023-09,as,8
2023-09,bn,499
2023-09,dv,6
2023-09,gu,13
2023-09,hi,165
2023-09,kn,104
2023-09,ks,3
2023-09,mai,1
2023-09,ml,117
2023-09,mr,175
2023-09,ne,28
2023-09,or,53
2023-09,pa,199
2023-09,pnb,4
2023-09,sa,6
2023-09,sat,197
2023-09,si,30
2023-09,ta,601
2023-09,te,609
2023-09,ur,697
2023-10,as,23
2023-10,awa,1
2023-10,bn,683
2023-10,dv,3
2023-10,gu,10
2023-10,hi,155
2023-10,kn,189
2023-10,ks,13
2023-10,mai,1
2023-10,ml,70
2023-10,mni,1
2023-10,mr,172
2023-10,ne,91
2023-10,or,29
2023-10,pa,122
2023-10,pnb,2
2023-10,sa,3
2023-10,sat,71
2023-10,sd,3
2023-10,si,9
2023-10,ta,847
2023-10,te,501
2023-10,ur,1601
2023-11,anp,1
2023-11,as,52
2023-11,awa,1
2023-11,bn,992
2023-11,dv,1
2023-11,gom,2
2023-11,gu,4
2023-11,hi,145
2023-11,kn,182
2023-11,ks,25
2023-11,mai,2
2023-11,ml,78
2023-11,mr,134
2023-11,ne,31
2023-11,new,1
2023-11,or,7
2023-11,pa,80
2023-11,sa,3
2023-11,sat,20
2023-11,si,42
2023-11,ta,1520
2023-11,tcy,2
2023-11,te,593
2023-11,ur,1270
2023-12,as,66
2023-12,bn,720
2023-12,gom,2
2023-12,gu,8
2023-12,hi,206
2023-12,kn,50
2023-12,ks,30
2023-12,mai,7
2023-12,ml,79
2023-12,mni,1
2023-12,mr,177
2023-12,ne,27
2023-12,or,10
2023-12,pa,90
2023-12,sa,8
2023-12,sat,33
2023-12,si,105
2023-12,ta,517
2023-12,tcy,2
2023-12,te,445
2023-12,ur,1296
2024-01,as,27
2024-01,bn,907
2024-01,gu,9
2024-01,hi,184
2024-01,kn,167
2024-01,ks,32
2024-01,mai,3
2024-01,ml,101
2024-01,mni,5
2024-01,mr,119
2024-01,ne,34
2024-01,or,71
2024-01,pa,122
2024-01,pnb,2
2024-01,sa,5
2024-01,sat,42
2024-01,si,42
2024-01,ta,611
2024-01,tcy,1
2024-01,te,380
2024-01,ur,1055
2024-02,as,19
2024-02,bn,1110
2024-02,gu,21
2024-02,hi,142
2024-02,kn,236
2024-02,ks,45
2024-02,mai,3
2024-02,ml,41
2024-02,mni,1
2024-02,mr,99
2024-02,ne,20
2024-02,new,1
2024-02,or,112
2024-02,pa,330
2024-02,pnb,1
2024-02,sa,2
2024-02,sat,436
2024-02,sd,163
2024-02,si,79
2024-02,ta,841
2024-02,te,1118
2024-02,ur,1339
2024-03,as,33
2024-03,bn,1824
2024-03,dty,29
2024-03,gu,15
2024-03,hi,125
2024-03,kn,205
2024-03,ks,126
2024-03,mai,1
2024-03,ml,51
2024-03,mni,2
2024-03,mr,135
2024-03,ne,24
2024-03,new,2
2024-03,or,119
2024-03,pa,1668
2024-03,pnb,2
2024-03,sa,8
2024-03,sat,63
2024-03,sd,595
2024-03,si,24
2024-03,ta,622
2024-03,te,526
2024-03,ur,1555
2024-04,as,15
2024-04,bn,1049
2024-04,dty,6
2024-04,gu,4
2024-04,hi,117
2024-04,kn,161
2024-04,ks,209
2024-04,mai,1
2024-04,ml,114
2024-04,mr,322
2024-04,ne,27
2024-04,new,29
2024-04,or,106
2024-04,pa,86
2024-04,sa,2
2024-04,sat,58
2024-04,sd,225
2024-04,si,61
2024-04,ta,324
2024-04,te,574
2024-04,ur,455
2024-05,as,4
2024-05,bn,921
2024-05,dv,1
2024-05,gu,5
2024-05,hi,136
2024-05,kn,117
2024-05,ks,127
2024-05,mai,2
2024-05,ml,75
2024-05,mni,3
2024-05,mr,173
2024-05,ne,14
2024-05,new,19
2024-05,or,117
2024-05,pa,74
2024-05,sat,15
2024-05,sd,160
2024-05,si,55
2024-05,ta,324
2024-05,te,676
2024-05,ur,678
2024-06,as,6
2024-06,bn,669
2024-06,gom,1
2024-06,gu,6
2024-06,hi,128
2024-06,kn,117
2024-06,ks,116
2024-06,ml,49
2024-06,mni,1
2024-06,mr,56
2024-06,ne,14
2024-06,new,1
2024-06,or,83
2024-06,pa,109
2024-06,sa,5
2024-06,sat,25
2024-06,sd,134
2024-06,si,55
2024-06,ta,379
2024-06,te,618
2024-06,ur,661
2024-07,anp,1
2024-07,as,38
2024-07,awa,1
2024-07,bn,1145
2024-07,dv,2
2024-07,gu,7
2024-07,hi,255
2024-07,kn,81
2024-07,ks,37
2024-07,mai,6
2024-07,ml,29
2024-07,mni,1
2024-07,mr,72
2024-07,ne,33
2024-07,new,1
2024-07,or,55
2024-07,pa,171
2024-07,sa,1
2024-07,sat,14
2024-07,sd,104
2024-07,si,30
2024-07,ta,345
2024-07,te,1028
2024-07,ur,634
2024-08,anp,2
2024-08,as,26
2024-08,awa,3
2024-08,bn,1090
2024-08,bpy,2
2024-08,dty,2
2024-08,dv,3
2024-08,gom,2
2024-08,gu,7
2024-08,hi,121
2024-08,kn,18
2024-08,ks,73
2024-08,mai,5
2024-08,ml,58
2024-08,mni,3
2024-08,mr,278
2024-08,ne,57
2024-08,new,2
2024-08,or,33
2024-08,pa,72
2024-08,pi,2
2024-08,sa,3
2024-08,sat,5
2024-08,sd,75
2024-08,si,31
2024-08,ta,311
2024-08,tcy,5
2024-08,te,529
2024-08,ur,1023
2024-09,as,13
2024-09,awa,1
2024-09,bn,846
2024-09,gu,1
2024-09,hi,82
2024-09,kn,34
2024-09,ks,99
2024-09,mai,2
2024-09,ml,29
2024-09,mni,9
2024-09,mr,232
2024-09,ne,22
2024-09,or,3
2024-09,pa,51
2024-09,pnb,1
2024-09,sa,1
2024-09,sat,12
2024-09,sd,19
2024-09,si,38
2024-09,ta,358
2024-09,tcy,8
2024-09,te,441
2024-09,ur,1302
2024-10,as,60
2024-10,bn,476
2024-10,dv,1
2024-10,gom,1
2024-10,gu,5
2024-10,hi,88
2024-10,kn,12
2024-10,ks,168
2024-10,ml,47
2024-10,mni,5
2024-10,mr,175
2024-10,ne,29
2024-10,or,1
2024-10,pa,62
2024-10,pnb,4
2024-10,sa,1
2024-10,sat,11
2024-10,sd,123
2024-10,si,96
2024-10,ta,559
2024-10,tcy,9
2024-10,te,209
2024-10,ur,1259
2024-11,as,71
2024-11,bn,516
2024-11,gu,6
2024-11,hi,111
2024-11,kn,20
2024-11,ks,73
2024-11,mai,1
2024-11,ml,40
2024-11,mni,2
2024-11,mr,162
2024-11,ne,25
2024-11,new,3
2024-11,or,4
2024-11,pa,127
2024-11,pnb,1
2024-11,sa,2
2024-11,sat,4
2024-11,sd,114
2024-11,si,108
2024-11,ta,434
2024-11,tcy,6
2024-11,te,275
2024-11,ur,1021
2024-12,as,52
2024-12,awa,3
2024-12,bn,607
2024-12,dty,1
2024-12,gu,3
2024-12,hi,107
2024-12,kn,111
2024-12,ks,94
2024-12,mai,8
2024-12,ml,30
2024-12,mni,3
2024-12,mr,149
2024-12,ne,31
2024-12,or,3
2024-12,pa,545
2024-12,pnb,1
2024-12,sa,47
2024-12,sat,1
2024-12,sd,47
2024-12,si,59
2024-12,ta,499
2024-12,tcy,5
2024-12,te,285
2024-12,ur,912
2025-01,anp,4
2025-01,as,32
2025-01,bn,475
2025-01,gu,6
2025-01,hi,120
2025-01,kn,21
2025-01,ks,102
2025-01,mai,1
2025-01,ml,14
2025-01,mni,2
2025-01,mr,122
2025-01,ne,72
2025-01,or,4
2025-01,pa,283
2025-01,sa,4
2025-01,sat,5
2025-01,sd,97
2025-01,si,111
2025-01,ta,367
2025-01,tcy,6
2025-01,te,298
2025-01,ur,673
2025-02,anp,1
2025-02,as,419
2025-02,awa,5
2025-02,bn,1449
2025-02,dv,1
2025-02,gu,16
2025-02,hi,148
2025-02,kn,89
2025-02,ks,128
2025-02,mai,1
2025-02,ml,12
2025-02,mni,4
2025-02,mr,86
2025-02,ne,22
2025-02,or,10
2025-02,pa,268
2025-02,pnb,1
2025-02,sa,3
2025-02,sat,15
2025-02,sd,15
2025-02,si,83
2025-02,ta,500
2025-02,tcy,17
2025-02,te,1820
2025-02,ur,739
2025-03,as,195
2025-03,awa,4
2025-03,bn,2130
2025-03,dv,2
2025-03,gu,42
2025-03,hi,272
2025-03,kn,34
2025-03,ks,238
2025-03,mai,1
2025-03,ml,71
2025-03,mni,11
2025-03,mr,159
2025-03,ne,39
2025-03,new,71
2025-03,or,1
2025-03,pa,1847
2025-03,pnb,6
2025-03,sa,4
2025-03,sat,8
2025-03,sd,63
2025-03,si,91
2025-03,ta,643
2025-03,tcy,39
2025-03,te,4510
2025-03,ur,1214
2025-04,as,32
2025-04,awa,3
2025-04,bn,1199
2025-04,dty,1
2025-04,dv,1
2025-04,gu,19
2025-04,hi,258
2025-04,kn,49
2025-04,ks,191
2025-04,mai,2
2025-04,ml,33
2025-04,mni,2
2025-04,mr,191
2025-04,ne,35
2025-04,new,153
2025-04,or,2
2025-04,pa,155
2025-04,pnb,8
2025-04,sa,3
2025-04,sat,1
2025-04,sd,57
2025-04,si,60
2025-04,ta,329
2025-04,tcy,22
2025-04,te,718
2025-04,ur,1220
2025-05,as,23
2025-05,bn,749
2025-05,dv,1
2025-05,gu,11
2025-05,hi,254
2025-05,kn,20
2025-05,ks,147
2025-05,mai,1
2025-05,ml,24
2025-05,mni,3
2025-05,mr,95
2025-05,ne,29
2025-05,new,37
2025-05,or,2
2025-05,pa,166
2025-05,pnb,41
2025-05,sa,2
2025-05,sat,2
2025-05,sd,16
2025-05,si,156
2025-05,ta,326
2025-05,te,567
2025-05,ur,1662
2025-06,as,21
2025-06,bn,1289
2025-06,bpy,3
2025-06,dty,1
2025-06,dv,3
2025-06,gu,5
2025-06,hi,269
2025-06,kn,8
2025-06,ks,103
2025-06,ml,32
2025-06,mni,2
2025-06,mr,170
2025-06,ne,6
2025-06,new,26
2025-06,or,3
2025-06,pa,139
2025-06,pnb,10
2025-06,sa,3
2025-06,sat,1
2025-06,sd,24
2025-06,si,267
2025-06,ta,170
2025-06,tcy,2
2025-06,te,471
2025-06,ur,1955
2025-07,as,30
2025-07,bn,799
2025-07,bpy,1
2025-07,dty,1
2025-07,gu,10
2025-07,hi,197
2025-07,kn,4
2025-07,ks,180
2025-07,mai,2
2025-07,ml,36
2025-07,mni,2
2025-07,mr,228
2025-07,ne,12
2025-07,new,61
2025-07,or,2
2025-07,pa,71
2025-07,pnb,1
2025-07,sa,3
2025-07,sat,2
2025-07,sd,29
2025-07,si,315
2025-07,ta,182
2025-07,tcy,1
2025-07,te,313
2025-07,ur,1183
2025-08,as,6
2025-08,bn,715
2025-08,bpy,1
2025-08,gu,10
2025-08,hi,269
2025-08,kn,19
2025-08,ks,271
2025-08,mai,2
2025-08,ml,44
2025-08,mni,4
2025-08,mr,181
2025-08,ne,10
2025-08,new,14
2025-08,or,8
2025-08,pa,103
2025-08,pnb,14
2025-08,sa,13
2025-08,sat,5
2025-08,sd,16
2025-08,si,20
2025-08,ta,116
2025-08,tcy,6
2025-08,te,304
2025-08,ur,914
2025-09,as,13
2025-09,awa,2
2025-09,bn,363
2025-09,dty,2
2025-09,dv,1
2025-09,gom,2
2025-09,gu,7
2025-09,hi,312
2025-09,kn,4
2025-09,ks,197
2025-09,ml,36
2025-09,mni,5
2025-09,mr,209
2025-09,ne,12
2025-09,new,3
2025-09,or,19
2025-09,pa,107
2025-09,pnb,6
2025-09,sa,51
2025-09,sat,24
2025-09,sd,33
2025-09,si,242
2025-09,ta,230
2025-09,tcy,2
2025-09,te,243
2025-09,ur,866
2025-10,anp,24
2025-10,as,19
2025-10,awa,1
2025-10,bn,311
2025-10,gom,1
2025-10,gu,17
2025-10,hi,289
2025-10,kn,15
2025-10,ks,241
2025-10,mai,1
2025-10,ml,25
2025-10,mni,1
2025-10,mr,30
2025-10,ne,14
2025-10,new,27
2025-10,or,6
2025-10,pa,104
2025-10,pnb,3
2025-10,sa,12
2025-10,sat,7
2025-10,sd,55
2025-10,si,90
2025-10,ta,198
2025-10,tcy,5
2025-10,te,266
2025-10,ur,1084
2025-11,anp,14
2025-11,as,28
2025-11,awa,1
2025-11,bn,378
2025-11,gom,1
2025-11,gu,21
2025-11,hi,98
2025-11,kn,35
2025-11,ks,214
2025-11,mai,2
2025-11,ml,60
2025-11,mni,2
2025-11,mr,83
2025-11,ne,12
2025-11,new,72
2025-11,pa,96
2025-11,pnb,11
2025-11,sa,6
2025-11,sat,34
2025-11,sd,66
2025-11,si,166
2025-11,ta,133
2025-11,tcy,1
2025-11,te,212
2025-11,ur,922
2025-12,as,31
2025-12,awa,1
2025-12,bn,730
2025-12,gu,13
2025-12,hi,148
2025-12,kn,42
2025-12,ks,152
2025-12,mai,1
2025-12,ml,58
2025-12,mni,5
2025-12,mr,105
2025-12,ne,7
2025-12,new,45
2025-12,pa,148
2025-12,sa,62
2025-12,sat,7
2025-12,sd,45
2025-12,si,110
2025-12,ta,115
2025-12,tcy,7
2025-12,te,263
2025-12,ur,1243
2026-01,as,14
2026-01,awa,1
2026-01,bn,320
2026-01,gu,14
2026-01,hi,186
2026-01,kn,13
2026-01,ks,123
2026-01,ml,80
2026-01,mni,2
2026-01,mr,193
2026-01,ne,18
2026-01,new,12
2026-01,or,3
2026-01,pa,84
2026-01,pnb,25
2026-01,sa,3
2026-01,sat,2
2026-01,sd,31
2026-01,si,16
2026-01,ta,119
2026-01,tcy,3
2026-01,te,832
2026-01,ur,964
2026-02,as,23
2026-02,bn,966
2026-02,dv,1
2026-02,gu,20
2026-02,hi,240
2026-02,kn,55
2026-02,ks,153
2026-02,ml,73
2026-02,mni,1
2026-02,mr,51
2026-02,ne,12
2026-02,new,2
2026-02,or,4
2026-02,pa,148
2026-02,pnb,1
2026-02,sat,6
2026-02,sd,68
2026-02,si,5
2026-02,ta,176
2026-02,tcy,50
2026-02,te,394
2026-02,ur,1034
2026-03,as,21
2026-03,bn,1033
2026-03,dv,2
2026-03,gu,6
2026-03,hi,166
2026-03,kn,43
2026-03,ks,123
2026-03,mai,2
2026-03,ml,158
2026-03,mni,2
2026-03,mr,135
2026-03,ne,29
2026-03,new,2
2026-03,or,5
2026-03,pa,113
2026-03,pi,1
2026-03,pnb,2
2026-03,sa,3
2026-03,sat,8
2026-03,sd,115
2026-03,si,6
2026-03,ta,378
2026-03,tcy,245
2026-03,te,878
2026-03,ur,1922
2026-04,as,3
2026-04,bn,140
2026-04,bpy,2
2026-04,dv,1
2026-04,gom,1
2026-04,gu,3
2026-04,hi,150
2026-04,kn,8
2026-04,ks,149
2026-04,mai,4
2026-04,ml,29
2026-04,mr,61
2026-04,ne,17
2026-04,or,3
2026-04,pa,102
2026-04,sa,5
2026-04,sat,1
2026-04,sd,47
2026-04,si,5
2026-04,ta,248
2026-04,tcy,4
2026-04,te,251
2026-04,ur,590
2026-05,anp,1
2026-05,as,8
2026-05,bn,174
2026-05,dv,2
2026-05,gu,5
2026-05,hi,168
2026-05,kn,17
2026-05,ks,122
2026-05,mai,1
2026-05,ml,42
2026-05,mr,101
2026-05,ne,57
2026-05,new,1
2026-05,or,2
2026-05,pa,117
2026-05,pnb,2
2026-05,sa,4
2026-05,sat,2
2026-05,sd,68
2026-05,si,98
2026-05,ta,514
2026-05,te,404
2026-05,ur,901
2026-06,as,19
2026-06,bn,512
2026-06,gu,4
2026-06,hi,154
2026-06,kn,12
2026-06,ks,222
2026-06,mai,4
2026-06,ml,50
2026-06,mni,2
2026-06,mr,101
2026-06,ne,37
2026-06,or,1
2026-06,pa,135
2026-06,pnb,1
2026-06,sa,4
2026-06,sd,112
2026-06,si,175
2026-06,ta,364
2026-06,tcy,5
2026-06,te,292
2026-06,ur,1075
2026-07,as,9
2026-07,awa,68
2026-07,bn,489
2026-07,gom,2
2026-07,gu,24
2026-07,hi,158
2026-07,kn,20
2026-07,ks,249
2026-07,ml,48
2026-07,mni,2
2026-07,mr,62
2026-07,ne,29
2026-07,new,2
2026-07,or,3
2026-07,pa,50
2026-07,pnb,16
2026-07,sa,3
2026-07,sat,2
2026-07,sd,73
2026-07,si,25
2026-07,ta,181
2026-07,tcy,21
2026-07,te,820
2026-07,ur,893
2026-08,anp,1
2026-08,as,6
2026-08,awa,6
2026-08,bn,423
2026-08,gu,1
2026-08,hi,58
2026-08,kn,25
2026-08,ks,164
2026-08,mai,1
2026-08,ml,77
2026-08,mni,1
2026-08,mr,32
2026-08,ne,16
2026-08,new,3
2026-08,pa,18
2026-08,pnb,7
2026-08,sa,8
2026-08,sd,41
2026-08,si,10
2026-08,ta,68
2026-08,tcy,16
2026-08,te,332
2026-08,ur,649
