lang,project,domain,fetched,articles,pages,edits,users,activeusers,admins,images
anp,wikipedia,anp.wikipedia.org,2026-08-28,1694,5327,23133,4016,20,1,0
as,wikipedia,as.wikipedia.org,2026-08-28,25370,127207,632741,50779,138,6,2427
as,wikisource,as.wikisource.org,2026-08-28,4222,92411,258159,4493,14,4,239
as,wikiquote,as.wikiquote.org,2026-08-28,1350,3422,27429,1228,7,1,0
awa,wikipedia,awa.wikipedia.org,2026-08-28,2995,8003,34848,5510,25,2,0
bh,wikipedia,bh.wikipedia.org,2026-08-28,9192,82207,801353,40565,43,2,54
bn,wikipedia,bn.wikipedia.org,2026-08-28,190909,1425128,9122882,558388,1937,16,21756
bn,wiktionary,bn.wiktionary.org,2026-08-28,134016,181746,551981,16469,346,2,7
bn,wikisource,bn.wikisource.org,2026-08-28,38859,614514,1995851,22181,44,4,5476
bn,wikiquote,bn.wikiquote.org,2026-08-28,2906,13541,84352,6041,18,2,0
bn,wikibooks,bn.wikibooks.org,2026-08-28,4155,29262,107177,13811,19,2,1
bn,wikivoyage,bn.wikivoyage.org,2026-08-28,2405,7959,77135,6463,25,3,0
bpy,wikipedia,bpy.wikipedia.org,2026-08-28,25097,63419,895731,28366,18,2,35
dty,wikipedia,dty.wikipedia.org,2026-08-28,3759,22702,249302,8347,19,2,3
dv,wikipedia,dv.wikipedia.org,2026-08-28,3221,12503,137619,28566,22,2,882
dv,wiktionary,dv.wiktionary.org,2026-08-28,254,1313,9421,2877,6,1,2
gom,wikipedia,gom.wikipedia.org,2026-08-28,3644,8931,214409,11883,19,3,0
gom,wiktionary,gom.wiktionary.org,2026-08-28,2756,3484,27700,1202,6,2,0
gu,wikipedia,gu.wikipedia.org,2026-08-28,30909,136703,902957,86934,100,3,0
gu,wiktionary,gu.wiktionary.org,2026-08-28,684,6434,29285,3568,5,2,0
gu,wikisource,gu.wikisource.org,2026-08-28,65992,72281,224253,4630,14,2,0
gu,wikiquote,gu.wikiquote.org,2026-08-28,511,3189,18765,2870,4,1,0
hi,wikipedia,hi.wikipedia.org,2026-08-28,171077,1392385,6589724,922517,1005,8,4691
hi,wiktionary,hi.wiktionary.org,2026-08-28,184999,208002,487437,20341,24,2,0
hi,wikisource,hi.wikisource.org,2026-08-28,6050,188154,652523,6127,53,5,0
hi,wikiquote,hi.wikiquote.org,2026-08-28,937,6771,33139,5526,11,1,0
hi,wikibooks,hi.wikibooks.org,2026-08-28,1283,6752,83174,13486,12,2,0
hi,wikivoyage,hi.wikivoyage.org,2026-08-28,193,750,8551,2518,8,1,0
hi,wikiversity,hi.wikiversity.org,2026-08-28,335,4039,24822,2511,7,2,2
kn,wikipedia,kn.wikipedia.org,2026-08-28,35671,161275,1379396,99274,167,4,2358
kn,wiktionary,kn.wiktionary.org,2026-08-28,265553,269985,692980,8493,26,2,0
kn,wikisource,kn.wikisource.org,2026-08-28,1555,112702,315072,8607,22,2,18
kn,wikiquote,kn.wikiquote.org,2026-08-28,380,2322,15645,2388,5,2,0
ks,wikipedia,ks.wikipedia.org,2026-08-28,11557,27131,150554,14523,25,2,94
ks,wiktionary,ks.wiktionary.org,2026-08-28,4426,6870,32145,4061,6,3,0
mag,wikipedia,mag.wikipedia.org,2026-08-28,3663,17287,72530,391,9,1,0
mai,wikipedia,mai.wikipedia.org,2026-08-28,14359,46136,276220,17539,46,4,126
ml,wikipedia,ml.wikipedia.org,2026-08-28,88747,556177,4400893,208281,425,13,7527
ml,wiktionary,ml.wiktionary.org,2026-08-28,131446,139196,581058,10618,8,2,4
ml,wikisource,ml.wikisource.org,2026-08-28,20834,81639,239488,13521,47,3,620
ml,wikiquote,ml.wikiquote.org,2026-08-28,335,3724,26538,5708,8,3,0
ml,wikibooks,ml.wikibooks.org,2026-08-28,107,3583,20503,4638,5,2,24
mni,wikipedia,mni.wikipedia.org,2026-08-28,10549,17894,62190,52251,29,3,0
mni,wiktionary,mni.wiktionary.org,2026-08-28,2599,2938,9837,845,4,2,0
mr,wikipedia,mr.wikipedia.org,2026-08-28,102863,334760,2701544,184176,347,10,2400
mr,wiktionary,mr.wiktionary.org,2026-08-28,2707,6159,29388,4039,6,1,3
mr,wikisource,mr.wikisource.org,2026-08-28,4797,109692,236281,6167,18,2,15
mr,wikiquote,mr.wikiquote.org,2026-08-28,44,923,8957,2579,4,1,1
mr,wikibooks,mr.wikibooks.org,2026-08-28,989,2914,29208,3961,6,2,1
ne,wikipedia,ne.wikipedia.org,2026-08-28,30068,115115,1365385,79441,154,5,1500
ne,wiktionary,ne.wiktionary.org,2026-08-28,600,17919,66660,5213,8,2,23
ne,wikibooks,ne.wikibooks.org,2026-08-28,80,2016,18618,5059,4,1,4
new,wikipedia,new.wikipedia.org,2026-08-28,74454,269988,1122054,31428,32,2,0
or,wikipedia,or.wikipedia.org,2026-08-28,21024,87941,592246,42224,75,4,170
or,wiktionary,or.wiktionary.org,2026-08-28,108659,110932,229007,3392,6,2,1
or,wikisource,or.wikisource.org,2026-08-28,1310,12496,59637,3058,9,1,0
pa,wikipedia,pa.wikipedia.org,2026-08-28,59698,193319,843304,60171,116,10,1863
pa,wiktionary,pa.wiktionary.org,2026-08-28,15451,16778,35469,3028,4,1,0
pa,wikisource,pa.wikisource.org,2026-08-28,2529,72761,233203,2724,31,6,212
pa,wikibooks,pa.wikibooks.org,2026-08-28,78,1165,6142,2258,4,1,0
pi,wikipedia,pi.wikipedia.org,2026-08-28,304,1823,103557,8653,11,1,1
pnb,wikipedia,pnb.wikipedia.org,2026-08-28,75728,146903,708159,44687,69,2,30
pnb,wiktionary,pnb.wiktionary.org,2026-08-28,9323,10482,25373,2442,4,1,0
sa,wikipedia,sa.wikipedia.org,2026-08-28,12533,82664,499747,46308,40,3,443
sa,wiktionary,sa.wiktionary.org,2026-08-28,6034,263492,509420,7692,4,1,4
sa,wikisource,sa.wikisource.org,2026-08-28,20429,163924,418099,10675,29,2,64
sa,wikiquote,sa.wikiquote.org,2026-08-28,139,4814,18439,2767,4,1,0
sa,wikibooks,sa.wikibooks.org,2026-08-28,843,1690,7485,3011,4,1,0
sat,wikipedia,sat.wikipedia.org,2026-08-28,15883,34107,193562,11382,39,2,0
sat,wiktionary,sat.wiktionary.org,2026-08-28,1384,12953,40353,671,24,2,0
sd,wikipedia,sd.wikipedia.org,2026-08-28,22185,85431,408073,22469,36,4,159
sd,wiktionary,sd.wiktionary.org,2026-08-28,2358,9028,31680,2640,8,1,38
si,wikipedia,si.wikipedia.org,2026-08-28,25651,176254,797535,79652,153,3,2977
si,wiktionary,si.wiktionary.org,2026-08-28,11321,141423,236016,4031,10,1,5
si,wikibooks,si.wikibooks.org,2026-08-28,1579,16273,38966,3868,7,1,57
skr,wikipedia,skr.wikipedia.org,2026-08-28,24662,33687,72277,4530,25,2,0
skr,wiktionary,skr.wiktionary.org,2026-08-28,148874,151632,233622,1592,6,2,0
ta,wikipedia,ta.wikipedia.org,2026-08-28,189808,633721,4619774,264855,508,31,9962
ta,wiktionary,ta.wiktionary.org,2026-08-28,408720,421476,2003793,25717,33,7,168
ta,wikisource,ta.wikisource.org,2026-08-28,37773,642566,1957939,16783,63,4,33
ta,wikiquote,ta.wikiquote.org,2026-08-28,984,3992,38550,4831,5,1,8
ta,wikibooks,ta.wikibooks.org,2026-08-28,714,3778,18219,7343,3,1,244
tcy,wikipedia,tcy.wikipedia.org,2026-08-28,3929,22446,250466,9054,41,5,14
tcy,wiktionary,tcy.wiktionary.org,2026-08-28,984,3517,15272,504,7,0,0
tcy,wikisource,tcy.wikisource.org,2026-08-28,113,4773,21872,624,8,2,0
te,wikipedia,te.wikipedia.org,2026-08-28,128158,427918,4806330,150273,412,11,15354
te,wiktionary,te.wiktionary.org,2026-08-28,107743,124097,979970,7389,10,1,310
te,wikisource,te.wikisource.org,2026-08-28,23890,213381,569801,7217,29,4,494
te,wikiquote,te.wikiquote.org,2026-08-28,884,4952,26572,3212,5,1,1
te,wikibooks,te.wikibooks.org,2026-08-28,287,2559,28488,3444,4,1,1
ur,wikipedia,ur.wikipedia.org,2026-08-28,674395,3020995,11816623,218514,404,9,10518
ur,wiktionary,ur.wiktionary.org,2026-08-28,26100,33828,112911,5969,8,1,2
ur,wikisource,ur.wikisource.org,2026-08-28,11921,13927,35834,289,17,1,0
ur,wikiquote,ur.wikiquote.org,2026-08-28,614,3636,15102,3038,10,3,2
ur,wikibooks,ur.wikibooks.org,2026-08-28,225,1537,9181,3960,4,1,1
