lang,start_date,end_date,rank,category_qid,category_en,views,top_article_en
anp,2026-07-01,2026-08-29,1,5964,Авикипедиа:Акандидат_ирласу_аныхразы,2232,Earth
anp,2026-07-01,2026-08-29,2,6681506,SI_units,243,Thermometer
as,2026-07-01,2026-08-29,1,1411417,India,189473,Zubeen_Garg
as,2026-07-01,2026-08-29,2,1458083,Science,77688,Sexual_intercourse
as,2026-07-01,2026-08-29,3,6156696,Dead_people,127977,Zubeen_Garg
as,2026-07-01,2026-08-29,4,7238284,Assam,104629,Zubeen_Garg
as,2026-07-01,2026-08-29,5,1983910,Hinduism,72494,Assam
as,2026-07-01,2026-08-29,6,1457402,Biology,54364,Sexual_intercourse
as,2026-07-01,2026-08-29,7,4966070,Calendars,31358,Season
as,2026-07-01,2026-08-29,8,2944929,Culture,64979,Srinivasa_Ramanujan
as,2026-07-01,2026-08-29,9,8271423,Assamese-language_books,27852,মোৰো_এটা_সপোন_আছে
as,2026-07-01,2026-08-29,10,1457673,Geography,56237,Assam
as,2026-07-01,2026-08-29,11,9715365,Culture_of_Assam,40396,Kamakhya_Temple
as,2026-07-01,2026-08-29,12,8271426,Assamese-language_films,19166,ককাদেউতা_নাতি_আৰু_হাতী
as,2026-07-01,2026-08-29,13,8271443,Assamese-language_writers,51443,Lakshminath_Bezbarua
as,2026-07-01,2026-08-29,14,33079499,অসমীয়া_ব্যাকৰণ,15905,ফকৰা_যোজনা
as,2026-07-01,2026-08-29,15,8517490,History_of_Assam,37753,Sankardev
as,2026-07-01,2026-08-29,16,8271447,Assamese_literature,26991,Kirtan_Ghosha
as,2026-07-01,2026-08-29,17,1457109,Plants,25522,অসমৰ_বনৌষধি
as,2026-07-01,2026-08-29,18,1410960,United_States,18399,English_language
as,2026-07-01,2026-08-29,19,1457756,Society,35558,Sexual_intercourse
as,2026-07-01,2026-08-29,20,8259,Literature,32387,Vande_Mataram
as,2026-07-01,2026-08-29,21,6994462,Indian_people,84250,Zubeen_Garg
as,2026-07-01,2026-08-29,22,7166293,Ahom_kingdom,25288,Ahom_kingdom
as,2026-07-01,2026-08-29,23,6984975,Assam-related_lists,27512,List_of_protected_areas_of_Assam
as,2026-07-01,2026-08-29,24,8764125,Religious_buildings_and_structures_in_Assam,12463,Kamakhya_Temple
as,2026-07-01,2026-08-29,25,1984000,Islam,13665,Battle_of_Karbala
awa,2026-07-01,2026-08-29,1,1983910,Hinduism,294663,Hanuman_Chalisa
awa,2026-07-01,2026-08-29,2,1457673,Geography,19283,India
awa,2026-07-01,2026-08-29,3,8544901,Indian_cricketers,2594,Rohit_Sharma
awa,2026-07-01,2026-08-29,4,8259,Literature,3236,Ramcharitmanas
awa,2026-07-01,2026-08-29,5,4960490,Languages,2610,Awadhi_language
awa,2026-07-01,2026-08-29,6,1457982,Sports,1997,Kabaddi
awa,2026-07-01,2026-08-29,7,106850615,इतिहास,1574,Anglo-Nepalese_War
awa,2026-07-01,2026-08-29,8,1457903,Religion,3305,Hinduism
awa,2026-07-01,2026-08-29,9,4103249,Education,1149,ISBN
awa,2026-07-01,2026-08-29,10,106850665,राजनीति,680,Politics
awa,2026-07-01,2026-08-29,11,7154072,Jainism,2027,Chandragupta_Maurya
awa,2026-07-01,2026-08-29,12,106850619,उत्तर_प्रदेश_कय_शहरी_निकाय,798,Varanasi
awa,2026-07-01,2026-08-29,13,1983832,Buddhism,1500,Maurya_Empire
awa,2026-07-01,2026-08-29,14,4026570,Countries,11513,India
awa,2026-07-01,2026-08-29,15,106850651,बेमारी,251,Leprosy
awa,2026-07-01,2026-08-29,16,5610307,South_America,1954,Argentina
awa,2026-07-01,2026-08-29,17,4014375,Web_browsers,173,Web_browser
awa,2026-07-01,2026-08-29,18,5964,Авикипедиа:Акандидат_ирласу_аныхразы,1558,India
awa,2026-07-01,2026-08-29,19,106850658,भौतिकी,109,Physics
awa,2026-07-01,2026-08-29,20,1411579,Turkey,273,Turkey
awa,2026-07-01,2026-08-29,21,106850622,ऑस्ट्रेलियाई_क्रिकेट_खेलाड़ी,81,Shane_Watson
awa,2026-07-01,2026-08-29,22,106850664,रसायनशास्‍त्र,68,1-Heptacosanol
awa,2026-07-01,2026-08-29,23,7484215,Airports_in_Nepal,53,Tribhuvan_International_Airport
awa,2026-07-01,2026-08-29,24,106850644,पदार्थ_विज्ञान,65,Iron
awa,2026-07-01,2026-08-29,25,106850613,अर्थशास्त्र,89,Currency_symbol
bh,2026-07-01,2026-08-29,1,5625203,Gambling,212333,Sports_betting
bh,2026-07-01,2026-08-29,2,1411417,India,120410,List_of_districts_of_Bihar
bh,2026-07-01,2026-08-29,3,1457673,Geography,69122,Amazon_rainforest
bh,2026-07-01,2026-08-29,4,7214518,Sex,39380,Sex_position
bh,2026-07-01,2026-08-29,5,4966070,Calendars,27969,Month
bh,2026-07-01,2026-08-29,6,1983910,Hinduism,50468,Baidyanath_Temple
bh,2026-07-01,2026-08-29,7,1458083,Science,37299,Sexual_intercourse
bh,2026-07-01,2026-08-29,8,1410960,United_States,24541,Mia_Khalifa
bh,2026-07-01,2026-08-29,9,7477590,Статии_с_невалиден_параметър_за_дата_в_шаблона,25815,XNXX
bh,2026-07-01,2026-08-29,10,8299881,Bihar,35937,List_of_districts_of_Bihar
bh,2026-07-01,2026-08-29,11,5631254,Alphabets,8921,बारहखड़ी
bh,2026-07-01,2026-08-29,12,1457402,Biology,27559,Sexual_intercourse
bh,2026-07-01,2026-08-29,13,7214259,Information_technology,14229,ट्रिपल_सी
bh,2026-07-01,2026-08-29,14,4630,History_of_India,29290,B._R._Ambedkar
bh,2026-07-01,2026-08-29,15,7146649,Uttar_Pradesh,19480,Administrative_divisions_of_Uttar_Pradesh
bh,2026-07-01,2026-08-29,16,1457109,Plants,9486,Sugar
bh,2026-07-01,2026-08-29,17,7217118,Television_series,5639,Motu_Patlu
bh,2026-07-01,2026-08-29,18,7030483,Indian_politicians,26079,Narendra_Modi
bh,2026-07-01,2026-08-29,19,4049595,Internet,16308,Search_engine_optimization
bh,2026-07-01,2026-08-29,20,2944929,Culture,32574,Mawlid
bh,2026-07-01,2026-08-29,21,7214658,Cities_and_towns_in_India,17797,Varanasi
bh,2026-07-01,2026-08-29,22,7085149,Nepal,10438,Nepal
bh,2026-07-01,2026-08-29,23,1457595,History,30828,Mawlid
bh,2026-07-01,2026-08-29,24,6968517,Rivers_of_India,12236,Godavari_River
bh,2026-07-01,2026-08-29,25,86309626,Bhojpuri-language_playback_singers,3273,Pawan_Singh
bn,2026-07-01,2026-08-29,1,1411417,India,1452755,Shyama_Prasad_Mukherjee
bn,2026-07-01,2026-08-29,2,1455458,Bangladesh,942522,Bangladesh
bn,2026-07-01,2026-08-29,3,1457673,Geography,755435,Bangladesh
bn,2026-07-01,2026-08-29,4,1984000,Islam,606918,Inna_lillahi_wa_inna_ilayhi_raji'un
bn,2026-07-01,2026-08-29,5,5611338,Association_football,492107,2026_FIFA_World_Cup
bn,2026-07-01,2026-08-29,6,1457402,Biology,446678,Sexual_intercourse
bn,2026-07-01,2026-08-29,7,1983910,Hinduism,816066,Shyama_Prasad_Mukherjee
bn,2026-07-01,2026-08-29,8,1457595,History,715829,Muhammad
bn,2026-07-01,2026-08-29,9,8287974,Bangladesh_Nationalist_Party_politicians,405609,Mirza_Fakhrul_Islam_Alamgir
bn,2026-07-01,2026-08-29,10,8297418,Bengali_people,786160,Shyama_Prasad_Mukherjee
bn,2026-07-01,2026-08-29,11,1458083,Science,534186,Sexual_intercourse
bn,2026-07-01,2026-08-29,12,8303056,Sexuality,346426,Sexual_intercourse
bn,2026-07-01,2026-08-29,13,1410960,United_States,342778,2026_FIFA_World_Cup
bn,2026-07-01,2026-08-29,14,8297344,Bengali-language_films,209466,Keu_Bole_Biplobi_Keu_Bole_Dakat
bn,2026-07-01,2026-08-29,15,6582583,Subdivisions_of_Bangladesh,230420,Dhaka_Division
bn,2026-07-01,2026-08-29,16,1457109,Plants,238166,Kalanchoe_pinnata
bn,2026-07-01,2026-08-29,17,4325,History_of_Bangladesh,366473,Bangladesh
bn,2026-07-01,2026-08-29,18,8297423,Bengali_writers,396751,Rabindranath_Tagore
bn,2026-07-01,2026-08-29,19,4966070,Calendars,178785,Wives_of_Muhammad
bn,2026-07-01,2026-08-29,20,8866836,Unions_of_Bangladesh,133854,Bhujpur_Union
bn,2026-07-01,2026-08-29,21,4049595,Internet,169107,.bf
bn,2026-07-01,2026-08-29,22,8287971,Awami_League_politicians,200182,Dipu_Moni
bn,2026-07-01,2026-08-29,23,2944929,Culture,573214,Bengali_language
bn,2026-07-01,2026-08-29,24,4103183,Politics,328997,Bangladesh_Nationalist_Party
bn,2026-07-01,2026-08-29,25,15284256,Organisations_based_in_Dhaka,122386,University_of_Dhaka
bpy,2026-07-01,2026-08-29,1,4966070,Calendars,73195,Gregorian_calendar
bpy,2026-07-01,2026-08-29,2,8866836,Unions_of_Bangladesh,51603,"বড়_পাঙ্গাশি_ইউনিয়ন,_উল্লাপাড়া"
bpy,2026-07-01,2026-08-29,3,1457673,Geography,40203,Country
bpy,2026-07-01,2026-08-29,4,9744506,তিলপারাষ্ট্রর_প্রশাসনিক_লয়াগি,31304,New_York_(state)
bpy,2026-07-01,2026-08-29,5,9055965,Populated_places_in_Brazil,18108,Rio_dos_Índios
bpy,2026-07-01,2026-08-29,6,6582583,Subdivisions_of_Bangladesh,12305,Dhaka_Division
bpy,2026-07-01,2026-08-29,7,1411417,India,10341,India
bpy,2026-07-01,2026-08-29,8,7705588,Cities_and_towns_in_Tamil_Nadu,5922,Vadalur
bpy,2026-07-01,2026-08-29,9,6581988,Municipalities_in_São_Paulo_(state),5713,Rio_dos_Índios
bpy,2026-07-01,2026-08-29,10,6280391,Municipalities_of_Norway,4893,Vaksdal_Municipality
bpy,2026-07-01,2026-08-29,11,9738803,জাতীয়_ফিরালহানি,4371,Flag_of_Burkina_Faso
bpy,2026-07-01,2026-08-29,12,6159896,National_coats_of_arms,4087,Coat_of_arms_of_Burkina_Faso
bpy,2026-07-01,2026-08-29,13,7471370,মিনাস_জেরায়িসর_পৌরসভাহানি,5728,Uberlândia
bpy,2026-07-01,2026-08-29,14,7705185,Cities_and_towns_in_West_Bengal,3693,Guriahati
bpy,2026-07-01,2026-08-29,15,9057471,Cities_and_towns_in_Uttar_Pradesh,4220,"Erich,_Uttar_Pradesh"
bpy,2026-07-01,2026-08-29,16,9798400,লইনাসে,76488,2007
bpy,2026-07-01,2026-08-29,17,6326402,Upazilas,10874,"Kotwali_Thana,_Chittagong"
bpy,2026-07-01,2026-08-29,18,7470975,Municipalities_in_Paraná_(state),3257,Paraná_(state)
bpy,2026-07-01,2026-08-29,19,1458083,Science,2505,Encyclopedia
bpy,2026-07-01,2026-08-29,20,7473514,Populated_places_in_Rio_Grande_do_Sul,3462,Rio_dos_Índios
bpy,2026-07-01,2026-08-29,21,7473482,Municipalities_in_Santa_Catarina_(state),2250,"Atalanta,_Santa_Catarina"
bpy,2026-07-01,2026-08-29,22,9023013,Municipalities_in_Piauí,1703,Francinópolis
bpy,2026-07-01,2026-08-29,23,9056565,Cities_and_towns_in_Madhya_Pradesh,2012,Jaora
bpy,2026-07-01,2026-08-29,24,9056291,Cities_and_towns_in_Gujarat,1752,Nadiad
bpy,2026-07-01,2026-08-29,25,1455458,Bangladesh,5964,Bangladesh
dty,2026-07-01,2026-08-29,1,1457673,Geography,21422,Darjeeling
dty,2026-07-01,2026-08-29,2,1411417,India,10755,Darjeeling
dty,2026-07-01,2026-08-29,3,7031185,Nepalese_people,5357,Pushpa_Kamal_Dahal
dty,2026-07-01,2026-08-29,4,1983910,Hinduism,6040,Janaki_Mandir
dty,2026-07-01,2026-08-29,5,4049595,Internet,2418,Dailymotion
dty,2026-07-01,2026-08-29,6,1457595,History,3086,Rama
dty,2026-07-01,2026-08-29,7,33094453,अपूर्ण_लेखअन,1909,सुखलिया_थारु
dty,2026-07-01,2026-08-29,8,4274,History_of_Nepal,3925,Prithvi_Narayan_Shah
dty,2026-07-01,2026-08-29,9,2944929,Culture,4627,Gaura_(festival)
dty,2026-07-01,2026-08-29,10,8245580,American_film_actresses,1301,Minka_Kelly
dty,2026-07-01,2026-08-29,11,1457402,Biology,1388,Animal
dty,2026-07-01,2026-08-29,12,33094281,विकिपिडिया_सहायता,904,Helppage
dty,2026-07-01,2026-08-29,13,4103183,Politics,2211,World_War_II
dty,2026-07-01,2026-08-29,14,33093952,नेपालका_राजमार्ग,813,Pushpalal_Highway
dty,2026-07-01,2026-08-29,15,33093858,अपूर्ण_लेख,3891,Pushpa_Kamal_Dahal
dty,2026-07-01,2026-08-29,16,33093931,नेपाल,1834,Sayaun_Thunga_Phulka
dty,2026-07-01,2026-08-29,17,33093925,दैलेख_जिल्ला,647,Dailekh_District
dty,2026-07-01,2026-08-29,18,8259,Literature,1805,Madhav_Prasad_Ghimire
dty,2026-07-01,2026-08-29,19,7029083,Nepalese_politicians,3445,Pushpa_Kamal_Dahal
dty,2026-07-01,2026-08-29,20,8289099,Banks_of_Nepal,578,List_of_banks_in_Nepal
dty,2026-07-01,2026-08-29,21,1457109,Plants,931,Plant
dty,2026-07-01,2026-08-29,22,6493807,Cricket,993,Mahesh_Chhetri
dty,2026-07-01,2026-08-29,23,4103249,Education,958,Encyclopedia
dty,2026-07-01,2026-08-29,24,6265153,Pornographic_film_actresses,640,Mia_Khalifa
dty,2026-07-01,2026-08-29,25,1457982,Sports,716,Association_football
gom,2026-07-01,2026-08-29,1,33086357,Konknni,17231,Ruzai_Saibinnicho_Ters_-_The_Holy_Rosary
gom,2026-07-01,2026-08-29,2,33086326,संवसाराचीं_राष्ट्रां,3128,Italy
gom,2026-07-01,2026-08-29,3,33086319,Itihas_/_History,4044,Arya_Samaj
gom,2026-07-01,2026-08-29,4,33086280,देवाचें_उतर,1992,तालेंतांची_वपार
gom,2026-07-01,2026-08-29,5,33086389,Sonvsaracho_Prosidh_vo_Famadh_Lok,3338,Muhammad_Ali
gom,2026-07-01,2026-08-29,6,33086380,आशीयांतले_देस,1698,India
gom,2026-07-01,2026-08-29,7,33086338,गोंयचीं_शारां_आनी_जागे,1163,Tivim
gom,2026-07-01,2026-08-29,8,33086272,"Prosidh,_Famadh_Monxeam",1788,Sonia_Shirsat
gom,2026-07-01,2026-08-29,9,33086281,"प्रसीध,_फामाध_मंश्यां",1062,Mahadev_Govind_Ranade
gom,2026-07-01,2026-08-29,10,33086325,Sonvsarachim_Raxttram,958,Bharot
gom,2026-07-01,2026-08-29,11,33086375,उत्तर_अमेरिकेंतले_देस,602,Haiti
gom,2026-07-01,2026-08-29,12,33086275,"Sonvsarachim_Prosidh/Famadh_Xharam,_Ganv_ani_Zage",868,United_States
gom,2026-07-01,2026-08-29,13,33086372,भास,572,Konkani_language
gom,2026-07-01,2026-08-29,14,33086330,धाक्टें_पान,608,Solkadhi
gom,2026-07-01,2026-08-29,15,33086317,तत्वाशास्त्र_/_Philosophy,557,Religion
gom,2026-07-01,2026-08-29,16,33086374,दक्षिण_अमेरिकेंतले_देस,454,Brazil
gom,2026-07-01,2026-08-29,17,33086361,कोंकणी_लेखक,594,शणै_गोंयबाब
gom,2026-07-01,2026-08-29,18,33086257,"Goemchim_Xharam,_Ganv_ani_Zage",962,Bom_Jesus_Basilica
gom,2026-07-01,2026-08-29,19,33086367,Bharotachem_rajyam,679,Gõy
gom,2026-07-01,2026-08-29,20,33086350,Khell,368,गरबा
gom,2026-07-01,2026-08-29,21,33086335,ರೊಮನ್_ಕಾಥ್ಲಿಕ್_ಆಂಚಿಂ_ಮಾಗ್ಣಿಂ,312,ರೂಜಾಯ್_ಸಾಯ್ಬಿಣಿಚೊ_ತೆರ್ಸ್
gom,2026-07-01,2026-08-29,22,33086314,Dhorm_/_Religion,3726,Arya_Samaj
gom,2026-07-01,2026-08-29,23,33086304,!_रोमान_काथलीक_आंचीं_मागणीं,245,भव_फळादीक_मागणें_सांत_आंतणीक
gom,2026-07-01,2026-08-29,24,33086267,Konkani,276,Konknni_bhas
gom,2026-07-01,2026-08-29,25,33086321,"इंदयेच्यो_प्रसिद_/_फामाध_शहारां,_गांव_आनी_जागे",221,रायगड
gu,2026-07-01,2026-08-29,1,1411417,India,258374,Gujarati_language
gu,2026-07-01,2026-08-29,2,8898916,Villages_in_Gujarat,147027,હાડોલ_(તા._સતલાસણા)
gu,2026-07-01,2026-08-29,3,1983910,Hinduism,181623,Guru_Purnima
gu,2026-07-01,2026-08-29,4,1458083,Science,55711,Weather
gu,2026-07-01,2026-08-29,5,7146011,Gujarat,108936,Gujarati_language
gu,2026-07-01,2026-08-29,6,8502399,Gujarati-language_writers,74143,Mahatma_Gandhi
gu,2026-07-01,2026-08-29,7,5610882,«نوع»_میکروفورماتلاری_اولان_مقاله‌لر,42273,Withania_somnifera
gu,2026-07-01,2026-08-29,8,1457673,Geography,63108,India
gu,2026-07-01,2026-08-29,9,8828712,Talukas_of_Gujarat,28006,List_of_talukas_of_Gujarat
gu,2026-07-01,2026-08-29,10,1457595,History,76956,Vallabhbhai_Patel
gu,2026-07-01,2026-08-29,11,9056291,Cities_and_towns_in_Gujarat,45610,Ahmedabad
gu,2026-07-01,2026-08-29,12,4049213,Time,29519,Weather
gu,2026-07-01,2026-08-29,13,6994462,Indian_people,99607,Mahatma_Gandhi
gu,2026-07-01,2026-08-29,14,8518207,History_of_Gujarat,32160,"Sun_Temple,_Modhera"
gu,2026-07-01,2026-08-29,15,1410960,United_States,21723,Mia_Khalifa
gu,2026-07-01,2026-08-29,16,4095812,Medicine,22596,Masturbation
gu,2026-07-01,2026-08-29,17,8502407,Gujarati_people,61800,Mahatma_Gandhi
gu,2026-07-01,2026-08-29,18,8901033,Tourist_attractions,21368,પરબધામ_(તા._ભેંસાણ)
gu,2026-07-01,2026-08-29,19,2944929,Culture,72854,Gujarati_language
gu,2026-07-01,2026-08-29,20,8502406,Gujarati_literature,24159,Gujarati_language
gu,2026-07-01,2026-08-29,21,4619,Mathematics,16467,Gujarati_numerals
gu,2026-07-01,2026-08-29,22,4630,History_of_India,116706,Independence_Day_(India)
gu,2026-07-01,2026-08-29,23,1457402,Biology,41223,Oral_sex
gu,2026-07-01,2026-08-29,24,4884546,Technology,16868,Google
gu,2026-07-01,2026-08-29,25,4026633,Economics,13088,B._R._Ambedkar
hi,2026-07-01,2026-08-29,1,1411417,India,6492544,Independence_Day_(India)
hi,2026-07-01,2026-08-29,2,1983910,Hinduism,3406819,India
hi,2026-07-01,2026-08-29,3,7030483,Indian_politicians,2245140,Dharmendra_Pradhan
hi,2026-07-01,2026-08-29,4,5668044,Indian_films,1229065,Ramayana:_Part_1
hi,2026-07-01,2026-08-29,5,1457595,History,1685309,The_Buddha
hi,2026-07-01,2026-08-29,6,1457673,Geography,1214665,India
hi,2026-07-01,2026-08-29,7,1457402,Biology,753842,Sexual_intercourse
hi,2026-07-01,2026-08-29,8,6994462,Indian_people,3304724,Neem_Karoli_Baba
hi,2026-07-01,2026-08-29,9,4630,History_of_India,2481991,Independence_Day_(India)
hi,2026-07-01,2026-08-29,10,5897849,Wikipedia:Beleg_fehlet,1468440,Independence_Day_(India)
hi,2026-07-01,2026-08-29,11,1410960,United_States,533026,Mia_Khalifa
hi,2026-07-01,2026-08-29,12,1458083,Science,924418,Sexual_intercourse
hi,2026-07-01,2026-08-29,13,1457109,Plants,514868,Cannabis_sativa
hi,2026-07-01,2026-08-29,14,7214658,Cities_and_towns_in_India,877838,States_and_union_territories_of_India
hi,2026-07-01,2026-08-29,15,2944929,Culture,1284933,Raksha_Bandhan
hi,2026-07-01,2026-08-29,16,4103183,Politics,937527,Cockroach_Janta_Party
hi,2026-07-01,2026-08-29,17,8544429,Indian_Buddhists,394014,Sonam_Wangchuk
hi,2026-07-01,2026-08-29,18,2945924,Lists,621101,Sex_position
hi,2026-07-01,2026-08-29,19,7146502,Rajasthan,485660,Khatu_Shyam_Temple
hi,2026-07-01,2026-08-29,20,8410100,Elections_in_India,299830,2027_elections_in_India
hi,2026-07-01,2026-08-29,21,8545835,Indian_television_soap_operas,190218,CID_(Indian_TV_series)
hi,2026-07-01,2026-08-29,22,8703545,Sanskrit,567882,Rama_Raksha_Stotra
hi,2026-07-01,2026-08-29,23,6493807,Cricket,338925,Virat_Kohli
hi,2026-07-01,2026-08-29,24,1984000,Islam,470706,Kabir
hi,2026-07-01,2026-08-29,25,8514332,Hindi-language_literature,345321,Premchand
kn,2026-07-01,2026-08-29,1,1411417,India,563614,Independence_Day_(India)
kn,2026-07-01,2026-08-29,2,1983910,Hinduism,283677,Basava
kn,2026-07-01,2026-08-29,3,1458083,Science,158255,Sexual_intercourse
kn,2026-07-01,2026-08-29,4,7145985,Karnataka,228877,Kannada
kn,2026-07-01,2026-08-29,5,33044957,ಮೈಸೂರು_ವಿಶ್ವವಿದ್ಯಾನಿಲಯ_ವಿಶ್ವಕೋಶ,173173,Western_Ganga_dynasty
kn,2026-07-01,2026-08-29,6,8570349,Kannada_literature,148535,Kuvempu
kn,2026-07-01,2026-08-29,7,1457673,Geography,145806,ಕರ್ನಾಟಕದ_ನದಿಗಳು
kn,2026-07-01,2026-08-29,8,1457595,History,207813,B._R._Ambedkar
kn,2026-07-01,2026-08-29,9,9727294,ಕಡತ_ಕೊಂಡಿಗಳು_ಮುರಿದಿರುವ_ಪುಟಗಳು,182206,Guru_Purnima
kn,2026-07-01,2026-08-29,10,1457402,Biology,126071,Sexual_intercourse
kn,2026-07-01,2026-08-29,11,8518422,History_of_Karnataka,162248,Kannada
kn,2026-07-01,2026-08-29,12,8570330,Kannada-language_films,38264,Kalaya_Tasmai_Namaha
kn,2026-07-01,2026-08-29,13,2944929,Culture,164457,Kannada
kn,2026-07-01,2026-08-29,14,1457109,Plants,77618,Herbal_medicine
kn,2026-07-01,2026-08-29,15,9731652,ಕನ್ನಡ_ವ್ಯಾಕರಣ,32286,Kannada_grammar
kn,2026-07-01,2026-08-29,16,9760560,ಚುಟುಕು,64053,Raksha_Bandhan
kn,2026-07-01,2026-08-29,17,9844264,ಸಾಹಿತಿಗಳು,136610,Shivaram_Karanth
kn,2026-07-01,2026-08-29,18,4630,History_of_India,240116,Independence_Day_(India)
kn,2026-07-01,2026-08-29,19,4103183,Politics,81011,B._R._Ambedkar
kn,2026-07-01,2026-08-29,20,8259,Literature,89448,ಜ್ಞಾನಪೀಠ_ಪ್ರಶಸ್ತಿ_ಪುರಸ್ಕೃತ_ಕನ್ನಡಿಗರು
kn,2026-07-01,2026-08-29,21,1983760,Psychology,46212,Sexual_intercourse
kn,2026-07-01,2026-08-29,22,8571048,Politicians_from_Karnataka,31580,D._Devaraj_Urs
kn,2026-07-01,2026-08-29,23,33045230,ಉಲ್ಲೇಖವಿಲ್ಲದ_ಲೇಖನಗಳು,46471,ಹಡಪದ_ಅಪ್ಪಣ್ಣ
kn,2026-07-01,2026-08-29,24,7192108,Pages_with_script_errors,189260,Kuvempu
kn,2026-07-01,2026-08-29,25,5461174,Months,20182,Calendar
ks,2026-07-01,2026-08-29,1,1411417,India,25767,Soni_Razdan
ks,2026-07-01,2026-08-29,2,4026570,Countries,10246,United_States
ks,2026-07-01,2026-08-29,3,6675695,Days_of_the_year,9560,May
ks,2026-07-01,2026-08-29,4,1984000,Islam,10391,Inna_lillahi_wa_inna_ilayhi_raji'un
ks,2026-07-01,2026-08-29,5,7157802,Animals,4818,Human
ks,2026-07-01,2026-08-29,6,1455849,Pakistan,6212,Rawalpindi
ks,2026-07-01,2026-08-29,7,7029947,Pakistani_people,4862,Jaun_Elia
ks,2026-07-01,2026-08-29,8,6517860,Computer_science,3299,Wikipedia
ks,2026-07-01,2026-08-29,9,8571195,Kashmiri_people,5978,Soni_Razdan
ks,2026-07-01,2026-08-29,10,19473974,2026-cı_ildəki_hadisələr,3960,2025–2026_Iranian_protests
ks,2026-07-01,2026-08-29,11,4095469,Anatomy,3787,Human
ks,2026-07-01,2026-08-29,12,6998861,Kashmir,5726,Kashmiri_language
ks,2026-07-01,2026-08-29,13,1458269,Film,3506,Saiyaara_(film)
ks,2026-07-01,2026-08-29,14,6994462,Indian_people,13760,Soni_Razdan
ks,2026-07-01,2026-08-29,15,7214908,Events,2870,Sudanese_civil_war_(2023–present)
ks,2026-07-01,2026-08-29,16,1456095,South_Korea,2264,Stray_Kids
ks,2026-07-01,2026-08-29,17,1457903,Religion,6483,Pope_Leo_XIV
ks,2026-07-01,2026-08-29,18,7134786,Fruit,1246,Syzygium_cumini
ks,2026-07-01,2026-08-29,19,5980263,Districts_of_Gujarat,1159,Sabarkantha_district
ks,2026-07-01,2026-08-29,20,7145943,Radiology,928,Magnetic_resonance_angiography
ks,2026-07-01,2026-08-29,21,7237893,Pakistani_Muslims,2687,Muhammad_Ali_Mirza
ks,2026-07-01,2026-08-29,22,1456850,Birds,1694,Common_myna
ks,2026-07-01,2026-08-29,23,7130256,History_of_Islam,4023,Muhammad
ks,2026-07-01,2026-08-29,24,6482368,Chemical_compounds,840,Morphine
ks,2026-07-01,2026-08-29,25,7217118,Television_series,1006,Game_of_Thrones
mai,2026-07-01,2026-08-29,1,1411417,India,95239,Badshah_(rapper)
mai,2026-07-01,2026-08-29,2,7085149,Nepal,34253,Mera_Peak
mai,2026-07-01,2026-08-29,3,4966070,Calendars,22220,Season
mai,2026-07-01,2026-08-29,4,1983910,Hinduism,33665,Mizoram
mai,2026-07-01,2026-08-29,5,1457673,Geography,27314,Season
mai,2026-07-01,2026-08-29,6,30330333,Rural_municipalities_of_Nepal,9268,Chhatrakot_Rural_Municipality
mai,2026-07-01,2026-08-29,7,7030483,Indian_politicians,24497,A._P._J._Abdul_Kalam
mai,2026-07-01,2026-08-29,8,2944929,Culture,15467,Prostitution
mai,2026-07-01,2026-08-29,9,9848152,Hindi-language_films,9573,Nadiya_Ke_Paar_(1982_film)
mai,2026-07-01,2026-08-29,10,8545100,Indian_film_actresses,31560,Mandakini_(actress)
mai,2026-07-01,2026-08-29,11,1457402,Biology,7690,Vagina
mai,2026-07-01,2026-08-29,12,1457595,History,16338,Jagat_Gosain
mai,2026-07-01,2026-08-29,13,1457109,Plants,6049,Chayote
mai,2026-07-01,2026-08-29,14,7029083,Nepalese_politicians,9207,Om_Prakash_Sharma_(Nepali_politician)
mai,2026-07-01,2026-08-29,15,3919792,Actors,35291,Mandakini_(actress)
mai,2026-07-01,2026-08-29,16,8435002,Culture_of_Mithila,4179,Madhushravani
mai,2026-07-01,2026-08-29,17,9776603,Municipalities_of_Nepal,6219,"Mahakali,_Darchula"
mai,2026-07-01,2026-08-29,18,33063520,अश्लील_चलचित्र_अभिनेत्री,3079,Sydnee_Steele
mai,2026-07-01,2026-08-29,19,8259,Literature,7127,Chacha_Chaudhary
mai,2026-07-01,2026-08-29,20,7030643,Indian_Hindus,25780,Jagat_Gosain
mai,2026-07-01,2026-08-29,21,8967563,Football,2714,FIFA
mai,2026-07-01,2026-08-29,22,33063648,सर्वोच्च_गगनचुम्बी,2612,One_World_Trade_Center
mai,2026-07-01,2026-08-29,23,8596727,Maithili-language_writers,2925,रूपेश_त्योंथ
mai,2026-07-01,2026-08-29,24,33063584,गोत्र,2304,गढवाल_(वंश)
mai,2026-07-01,2026-08-29,25,4103183,Politics,7622,Ecology
ml,2026-07-01,2026-08-29,1,1411417,India,765855,Vaikom_Muhammad_Basheer
ml,2026-07-01,2026-08-29,2,1457402,Biology,182687,Sexual_intercourse
ml,2026-07-01,2026-08-29,3,1983910,Hinduism,292122,Onam
ml,2026-07-01,2026-08-29,4,1457673,Geography,192258,Cape_Verde
ml,2026-07-01,2026-08-29,5,8891990,Medicinal_plants,163656,Dasapushpam
ml,2026-07-01,2026-08-29,6,1457595,History,207127,Ramayana
ml,2026-07-01,2026-08-29,7,6262773,Kerala,195870,Onam
ml,2026-07-01,2026-08-29,8,8601100,Malayalam-language_writers,192738,Vaikom_Muhammad_Basheer
ml,2026-07-01,2026-08-29,9,5668044,Indian_films,103383,Malayalam_cinema
ml,2026-07-01,2026-08-29,10,5611338,Association_football,93150,Lionel_Messi
ml,2026-07-01,2026-08-29,11,6994462,Indian_people,293129,Mahatma_Gandhi
ml,2026-07-01,2026-08-29,12,1458083,Science,168863,Sexual_intercourse
ml,2026-07-01,2026-08-29,13,1410960,United_States,100242,2026_FIFA_World_Cup
ml,2026-07-01,2026-08-29,14,1983866,Christianity,96848,Alphonsa_of_the_Immaculate_Conception
ml,2026-07-01,2026-08-29,15,4095812,Medicine,127902,Masturbation
ml,2026-07-01,2026-08-29,16,7089019,Villages_in_India,58202,Vagamon
ml,2026-07-01,2026-08-29,17,8601080,Malayalam_novels,47721,Pathummayude_Aadu
ml,2026-07-01,2026-08-29,18,2944929,Culture,196378,Onam
ml,2026-07-01,2026-08-29,19,8544526,Indian_National_Congress_politicians_from_Kerala,49022,P._Krishna_Pillai
ml,2026-07-01,2026-08-29,20,4966070,Calendars,50829,Astrology
ml,2026-07-01,2026-08-29,21,6544235,Actresses_in_Malayalam_cinema,107470,Mamitha_Baiju
ml,2026-07-01,2026-08-29,22,7051430,Malayali_people,205078,Vaikom_Muhammad_Basheer
ml,2026-07-01,2026-08-29,23,1984000,Islam,83560,Muhammad
ml,2026-07-01,2026-08-29,24,8259,Literature,102664,Vande_Mataram
ml,2026-07-01,2026-08-29,25,4630,History_of_India,176984,Independence_Day_(India)
mni,2026-07-01,2026-08-29,1,23706330,Bu_dem_liwot,9309,Spain
mni,2026-07-01,2026-08-29,2,15271861,Male_actors_in_Hindi_cinema,7002,ꯕꯣꯜꯂꯤꯋꯨꯗ_ꯃꯃꯤ_ꯀꯨꯝꯃꯩ_ꯀꯨꯝꯕ_ꯁꯛꯇꯝ_ꯂꯥꯡꯕ_ꯁꯤꯟꯂꯣꯢꯁꯤꯡꯒꯤ_ꯃꯃꯤꯡ_ꯄꯔꯤꯡ
mni,2026-07-01,2026-08-29,3,22914718,Commons_category_link_is_on_Wikidata,7070,Year
mni,2026-07-01,2026-08-29,4,106367975,Meitei_mythology,5107,Numit_Kappa
mni,2026-07-01,2026-08-29,5,8222586,Aesop's_Fables,3429,The_Frogs_and_the_Sun
mni,2026-07-01,2026-08-29,6,4935,Roman_gods,2982,Zeus
mni,2026-07-01,2026-08-29,7,4966679,Wikipedia,2986,Wikipedia
mni,2026-07-01,2026-08-29,8,49670353,Ô_iā_sâ̤_diŏng_dù_béng-chiā_cê̤ṳ-dông_sáuk-bóng_gì_hiĕk,3696,Manipur
mni,2026-07-01,2026-08-29,9,10018007,Languages_of_Manipur,2073,Meitei_language
mni,2026-07-01,2026-08-29,10,8737310,Shinto_kami,1865,Watatsumi
mni,2026-07-01,2026-08-29,11,22115487,Panid_ti_Wikipedia_nga_agraman_iti_nalemmeng_a_pagilian,2060,Imphal
mni,2026-07-01,2026-08-29,12,59244176,لينكات_التصانيف_منشوره_معروفه_محلى,1578,List_of_colors_(alphabetical)
mni,2026-07-01,2026-08-29,13,6447755,States_of_the_United_States,1476,United_States
mni,2026-07-01,2026-08-29,14,9506975,Cities_in_the_United_Kingdom,1077,Belfast
mni,2026-07-01,2026-08-29,15,7098157,Mughal_Empire,708,Mughal_Empire
mni,2026-07-01,2026-08-29,16,5897528,Constitutions_by_country,655,List_of_national_constitutions
mni,2026-07-01,2026-08-29,17,8268434,أرتيكلات_كيخدمو_صنادق_د_معلومات_بلا_صفوف_د_الداطا,716,Ganesha
mni,2026-07-01,2026-08-29,18,61372259,साहित्य_अकादमी_द्वारा_पुरस्कृत_मणिपुरी_भाषा_की_पुस्तकें,663,ꯃꯃꯥꯡ_ꯂꯩꯀꯥꯢ_ꯊꯝꯕꯥꯜ_ꯁꯥꯠꯂꯦ
mni,2026-07-01,2026-08-29,19,9077970,Ukrainian_people,501,ꯒ꯭ꯔꯤꯠꯁꯦꯟꯀꯣ_ꯑꯦꯟꯗ꯭ꯔꯦ_ꯄꯦꯇ꯭ꯔꯣꯚꯤꯛ
mni,2026-07-01,2026-08-29,20,6543743,Drinks,442,Water
mni,2026-07-01,2026-08-29,21,8732488,Children's_book_series,284,Alice's_Adventures_in_Wonderland
mni,2026-07-01,2026-08-29,22,7331374,Polo,229,Manipuri_pony
mni,2026-07-01,2026-08-29,23,5964,Авикипедиа:Акандидат_ирласу_аныхразы,915,India
mni,2026-07-01,2026-08-29,24,7221363,Ашаблонқәа:Lua_ашаблонқәа,160,Xiaomi
mni,2026-07-01,2026-08-29,25,8383741,Districts_of_Meghalaya,127,List_of_districts_of_Meghalaya
mr,2026-07-01,2026-08-29,1,1411417,India,878124,Annabhau_Sathe
mr,2026-07-01,2026-08-29,2,25351284,कायमचे_मृत_बाह्य_दुवे_असणारे_लेख,500246,Annabhau_Sathe
mr,2026-07-01,2026-08-29,3,1983910,Hinduism,471504,Shivaji
mr,2026-07-01,2026-08-29,4,8607868,Marathi_people,348740,Bal_Gangadhar_Tilak
mr,2026-07-01,2026-08-29,5,1457673,Geography,220439,Cardinal_direction
mr,2026-07-01,2026-08-29,6,7238246,Maharashtra,337115,Shivaji
mr,2026-07-01,2026-08-29,7,1457402,Biology,137584,Mother
mr,2026-07-01,2026-08-29,8,1457595,History,236367,Shivaji
mr,2026-07-01,2026-08-29,9,8607853,Marathi-language_writers,276421,Annabhau_Sathe
mr,2026-07-01,2026-08-29,10,8595825,Politicians_from_Maharashtra,212428,Bal_Gangadhar_Tilak
mr,2026-07-01,2026-08-29,11,8271769,Assembly_constituencies_of_Maharashtra,79133,List_of_constituencies_of_the_Maharashtra_Legislative_Assembly
mr,2026-07-01,2026-08-29,12,1457109,Plants,108955,Saussurea_obvallata
mr,2026-07-01,2026-08-29,13,1458083,Science,166002,Solar_System
mr,2026-07-01,2026-08-29,14,7030483,Indian_politicians,355189,Annabhau_Sathe
mr,2026-07-01,2026-08-29,15,59771339,Unreferenced,96899,Matka_gambling
mr,2026-07-01,2026-08-29,16,2945924,Lists,142148,List_of_districts_of_Maharashtra
mr,2026-07-01,2026-08-29,17,1457982,Sports,74552,Cricket
mr,2026-07-01,2026-08-29,18,15272044,Marathi-language_television_shows,44665,वीण_दोघांतली_ही_तुटेना
mr,2026-07-01,2026-08-29,19,2945300,Years,45055,Ekadashi
mr,2026-07-01,2026-08-29,20,4630,History_of_India,357618,Bal_Gangadhar_Tilak
mr,2026-07-01,2026-08-29,21,7705378,Cities_in_Maharashtra,79033,Pandharpur
mr,2026-07-01,2026-08-29,22,6493807,Cricket,66181,Cricket
mr,2026-07-01,2026-08-29,23,10045628,विकिकरण_करण्याजोगे_लेख,75969,पसायदान
mr,2026-07-01,2026-08-29,24,9848152,Hindi-language_films,35508,Nana_Patekar
mr,2026-07-01,2026-08-29,25,8544429,Indian_Buddhists,78728,Sonam_Wangchuk
ne,2026-07-01,2026-08-29,1,7085149,Nepal,153688,Bhanubhakta_Acharya
ne,2026-07-01,2026-08-29,2,1983910,Hinduism,83516,Nepal
ne,2026-07-01,2026-08-29,3,1457673,Geography,91937,Nepal
ne,2026-07-01,2026-08-29,4,1411417,India,61155,Nepal
ne,2026-07-01,2026-08-29,5,1458083,Science,37795,Climate_change
ne,2026-07-01,2026-08-29,6,4274,History_of_Nepal,58205,Nepal
ne,2026-07-01,2026-08-29,7,105484076,Rural_municipalities_of_Nepal_established_in_2017,27187,Chisankhugadhi_Rural_Municipality
ne,2026-07-01,2026-08-29,8,4103183,Politics,33067,Nepali_Congress
ne,2026-07-01,2026-08-29,9,1457402,Biology,28812,Tooth
ne,2026-07-01,2026-08-29,10,1410960,United_States,23596,Mia_Khalifa
ne,2026-07-01,2026-08-29,11,2944929,Culture,51442,Naga_Panchami
ne,2026-07-01,2026-08-29,12,7287077,Cities_in_Nepal,33966,Kathmandu
ne,2026-07-01,2026-08-29,13,9790528,नेपाली_साहित्यकारसभ,26567,Bhanubhakta_Acharya
ne,2026-07-01,2026-08-29,14,7029083,Nepalese_politicians,34055,Laxmi_Prasad_Devkota
ne,2026-07-01,2026-08-29,15,1457109,Plants,20543,Riddle
ne,2026-07-01,2026-08-29,16,1457982,Sports,15719,2026_FIFA_World_Cup
ne,2026-07-01,2026-08-29,17,8496447,Government_of_Nepal,22513,नेपालको_संविधान_२०७२
ne,2026-07-01,2026-08-29,18,6378334,Wikipedia:Wikificar,27905,Climate_change
ne,2026-07-01,2026-08-29,19,6457292,Populated_places_in_Nepal,30900,Kathmandu
ne,2026-07-01,2026-08-29,20,7031185,Nepalese_people,45914,Bhanubhakta_Acharya
ne,2026-07-01,2026-08-29,21,4049595,Internet,10568,YouTube
ne,2026-07-01,2026-08-29,22,4026633,Economics,17581,Climate_change
ne,2026-07-01,2026-08-29,23,1457595,History,35637,History_of_Nepal
ne,2026-07-01,2026-08-29,24,7282217,Culture_of_Nepal,30597,Nepali_language
ne,2026-07-01,2026-08-29,25,8301302,Birds_of_Nepal,7793,Himalayan_monal
new,2026-07-01,2026-08-29,1,9719128,दँ,82784,1186
new,2026-07-01,2026-08-29,2,1457673,Geography,58460,Japan
new,2026-07-01,2026-08-29,3,8134731,Uttarakhand,51124,"ढिगारखोली,_गंगोलीहाट_तहसील"
new,2026-07-01,2026-08-29,4,8838328,Telugu-language_films,32654,Criminal_(1994_film)
new,2026-07-01,2026-08-29,5,5668044,Indian_films,26633,Suryaa:_An_Awakening
new,2026-07-01,2026-08-29,6,1411417,India,27761,Balochi_language
new,2026-07-01,2026-08-29,7,8828978,Tamil-language_films,25862,उत्तमपुत्तिरऩ्_(सन्_१९४०या_संकिपा)
new,2026-07-01,2026-08-29,8,9712198,ग्रेगोरियन_पात्रोयागु_दिंतः,20100,May_5
new,2026-07-01,2026-08-29,9,7238283,Andhra_Pradesh,19439,"जोन्नलगड्ड,_नंदिगाम_मण्डल"
new,2026-07-01,2026-08-29,10,2944929,Culture,23133,Balochi_language
new,2026-07-01,2026-08-29,11,8703545,Sanskrit,18536,विगत
new,2026-07-01,2026-08-29,12,1457595,History,17659,Genealogy
new,2026-07-01,2026-08-29,13,1410960,United_States,31997,World_War_II
new,2026-07-01,2026-08-29,14,5746824,20th_century,7477,World_War_II
new,2026-07-01,2026-08-29,15,32971076,१९औं_शताब्दी,5397,1847
new,2026-07-01,2026-08-29,16,4095469,Anatomy,5281,Nervous_system
new,2026-07-01,2026-08-29,17,32977002,मलयालम_संकिपा,4475,अङ्कत्तट्ट्_(मलयालम_संकिपा)
new,2026-07-01,2026-08-29,18,1983910,Hinduism,15499,India
new,2026-07-01,2026-08-29,19,8384011,Districts_of_Uttar_Pradesh,5797,"Karnawal,_Meerut"
new,2026-07-01,2026-08-29,20,7705588,Cities_and_towns_in_Tamil_Nadu,4306,Bhubaneswar
new,2026-07-01,2026-08-29,21,32978692,"सांरगढ_मण्डल,_रायगढ_जिल्ला",3487,"मोहदीं,_सांरगढ_मण्डल"
new,2026-07-01,2026-08-29,22,1983832,Buddhism,6040,Jujutsu
new,2026-07-01,2026-08-29,23,32971077,विज्ञान,5134,Biology
new,2026-07-01,2026-08-29,24,9979159,प्रविधि,3436,Computer
new,2026-07-01,2026-08-29,25,9056439,Cities_and_towns_in_Karnataka,3195,Karnataka
or,2026-07-01,2026-08-29,1,1411417,India,95543,Vande_Mataram
or,2026-07-01,2026-08-29,2,4095812,Medicine,41387,Tuberculosis
or,2026-07-01,2026-08-29,3,1983910,Hinduism,51255,Ratha_Yatra_(Puri)
or,2026-07-01,2026-08-29,4,8705521,Odia-language_writers,48391,Fakir_Mohan_Senapati
or,2026-07-01,2026-08-29,5,2945300,Years,23952,Ekadashi
or,2026-07-01,2026-08-29,6,1458083,Science,24075,Weather
or,2026-07-01,2026-08-29,7,8705540,Odia_literature,24026,Sarala_Dasa
or,2026-07-01,2026-08-29,8,5461174,Months,16946,Ekadashi
or,2026-07-01,2026-08-29,9,7148086,Odisha,35081,Ratha_Yatra_(Puri)
or,2026-07-01,2026-08-29,10,9717276,ଓଡ଼ିଆ_କବି,35069,Fakir_Mohan_Senapati
or,2026-07-01,2026-08-29,11,1457673,Geography,19431,Odisha
or,2026-07-01,2026-08-29,12,8545254,Indian_independence_activists_from_Odisha,15125,Gopabandhu_Das
or,2026-07-01,2026-08-29,13,1457402,Biology,18564,Sexual_intercourse
or,2026-07-01,2026-08-29,14,61775388,ଓଡ଼ିଶା_ସାହିତ୍ୟ_ଏକାଡେମୀ_ପୁରସ୍କାର_ସମ୍ମାନିତ,25936,Surendra_Mohanty
or,2026-07-01,2026-08-29,15,8560763,Jagannath,14308,Ratha_Yatra_(Puri)
or,2026-07-01,2026-08-29,16,7237918,Medications,15491,Paclitaxel
or,2026-07-01,2026-08-29,17,1457595,History,17427,Subhas_Chandra_Bose
or,2026-07-01,2026-08-29,18,8691906,Politicians_from_Odisha,9248,Subhas_Chandra_Bose
or,2026-07-01,2026-08-29,19,7214658,Cities_and_towns_in_India,12833,Cuttack
or,2026-07-01,2026-08-29,20,8705535,Actresses_in_Odia_cinema,5490,ତ୍ରିପୁରା_ମିଶ୍ର
or,2026-07-01,2026-08-29,21,33052960,ଓଡ଼ିଆ_କଥାଚିତ୍ର_ଗାୟକ,3901,Pranab_Patnaik
or,2026-07-01,2026-08-29,22,4049595,Internet,4471,Wikimedia_Commons
or,2026-07-01,2026-08-29,23,1457109,Plants,6634,Food
or,2026-07-01,2026-08-29,24,8447463,Festivals_in_Odisha,8301,Ratha_Yatra_(Puri)
or,2026-07-01,2026-08-29,25,9718799,ଓଡ଼ିଆ_ଲେଖକ,13528,Fakir_Mohan_Senapati
pa,2026-07-01,2026-08-29,1,1411417,India,154400,Vir_Singh_(writer)
pa,2026-07-01,2026-08-29,2,6946332,Punjabi_people,140830,Jaswant_Singh_Khalra
pa,2026-07-01,2026-08-29,3,5897849,Wikipedia:Beleg_fehlet,62595,Independence_Day_(India)
pa,2026-07-01,2026-08-29,4,8744743,Sikhism,83998,Guru_Nanak
pa,2026-07-01,2026-08-29,5,4966070,Calendars,36450,1940
pa,2026-07-01,2026-08-29,6,1458083,Science,44443,Solar_energy
pa,2026-07-01,2026-08-29,7,1457673,Geography,45145,"Albuquerque,_New_Mexico"
pa,2026-07-01,2026-08-29,8,1410960,United_States,34328,"Albuquerque,_New_Mexico"
pa,2026-07-01,2026-08-29,9,2944929,Culture,49033,Punjabi_language
pa,2026-07-01,2026-08-29,10,8808171,Punjabi-language_writers,62850,Guru_Nanak
pa,2026-07-01,2026-08-29,11,1457595,History,50116,Guru_Granth_Sahib
pa,2026-07-01,2026-08-29,12,6994462,Indian_people,93437,Guru_Nanak
pa,2026-07-01,2026-08-29,13,8808186,Punjabi_culture,26323,Teeyan
pa,2026-07-01,2026-08-29,14,8808199,Punjabi_literature,26599,Guru_Granth_Sahib
pa,2026-07-01,2026-08-29,15,7234794,Sikhs,66682,Jagtar_Singh_Hawara
pa,2026-07-01,2026-08-29,16,8259,Literature,29171,ਸੂਫ਼ੀ_ਕਾਵਿ_ਦਾ_ਇਤਿਹਾਸ
pa,2026-07-01,2026-08-29,17,8545100,Indian_film_actresses,34243,Anikha_Surendran
pa,2026-07-01,2026-08-29,18,1983910,Hinduism,39465,Guru_Nanak
pa,2026-07-01,2026-08-29,19,1457982,Sports,17671,ਪੰਜਾਬ_ਦੀਆਂ_ਵਿਰਾਸਤੀ_ਖੇਡਾਂ
pa,2026-07-01,2026-08-29,20,7146369,"Punjab,_India",45792,Guru_Nanak
pa,2026-07-01,2026-08-29,21,1457109,Plants,11858,Horticulture
pa,2026-07-01,2026-08-29,22,4884546,Technology,20120,Solar_energy
pa,2026-07-01,2026-08-29,23,4960490,Languages,22234,Punjabi_language
pa,2026-07-01,2026-08-29,24,5668044,Indian_films,7103,Cobalt_Blue_(film)
pa,2026-07-01,2026-08-29,25,4103183,Politics,24064,B._R._Ambedkar
pi,2026-07-01,2026-08-29,1,4615845,Wikipedia_deletion,16322,English_language
pi,2026-07-01,2026-08-29,2,1983832,Buddhism,3422,Pali
pi,2026-07-01,2026-08-29,3,7192108,Pages_with_script_errors,8527,Newar_language
pi,2026-07-01,2026-08-29,4,1983910,Hinduism,4620,Rambhadracharya
pi,2026-07-01,2026-08-29,5,8536695,Gud_atikel,1006,Psychology
pi,2026-07-01,2026-08-29,6,4960490,Languages,2709,Newar_language
pi,2026-07-01,2026-08-29,7,1457903,Religion,3264,Confucius
pi,2026-07-01,2026-08-29,8,5964,Авикипедиа:Акандидат_ирласу_аныхразы,289,Alabama
pi,2026-07-01,2026-08-29,9,9700864,भौतिकशास्त्र,25,शत्ति
sa,2026-07-01,2026-08-29,1,1411417,India,50871,India
sa,2026-07-01,2026-08-29,2,1983910,Hinduism,42855,India
sa,2026-07-01,2026-08-29,3,2945300,Years,18865,Year
sa,2026-07-01,2026-08-29,4,7192108,Pages_with_script_errors,27248,India
sa,2026-07-01,2026-08-29,5,33065758,श्रीमद्भगवद्गीतायाः_श्लोकाः,13259,न_मे_पार्थास्ति_कर्तव्यं...
sa,2026-07-01,2026-08-29,6,6675695,Days_of_the_year,12731,Day
sa,2026-07-01,2026-08-29,7,1458083,Science,10724,Vande_Bharat_Express
sa,2026-07-01,2026-08-29,8,6994462,Indian_people,23339,Kalidasa
sa,2026-07-01,2026-08-29,9,1457673,Geography,16682,India
sa,2026-07-01,2026-08-29,10,6018382,Sanskrit_literature,10295,Kalidasa
sa,2026-07-01,2026-08-29,11,2944929,Culture,17348,Kalidasa
sa,2026-07-01,2026-08-29,12,7214658,Cities_and_towns_in_India,9860,List_of_metropolitan_areas_in_India
sa,2026-07-01,2026-08-29,13,4630,History_of_India,21433,India
sa,2026-07-01,2026-08-29,14,20934558,योगसूत्राणि,2845,योगश्चित्तवृत्तिनिरोधः_(योगसूत्रम्)
sa,2026-07-01,2026-08-29,15,8891990,Medicinal_plants,3663,Turmeric
sa,2026-07-01,2026-08-29,16,7154072,Jainism,5842,Sanskrit
sa,2026-07-01,2026-08-29,17,7085149,Nepal,4629,Sanskrit
sa,2026-07-01,2026-08-29,18,8703545,Sanskrit,12888,Kalidasa
sa,2026-07-01,2026-08-29,19,1457595,History,14102,Kalidasa
sa,2026-07-01,2026-08-29,20,1457474,Chemistry,2958,Albert_Einstein
sa,2026-07-01,2026-08-29,21,9056439,Cities_and_towns_in_Karnataka,3762,Malleshwaram
sa,2026-07-01,2026-08-29,22,1457402,Biology,5701,Turmeric
sa,2026-07-01,2026-08-29,23,7238284,Assam,1920,प्रकल्पः:विषये
sa,2026-07-01,2026-08-29,24,7210139,Sanskrit_texts,8728,Rudrashtakam
sa,2026-07-01,2026-08-29,25,8703643,Sanskrit_writers,6681,Kalidasa
sat,2026-07-01,2026-08-29,1,1411417,India,24853,Bengaluru
sat,2026-07-01,2026-08-29,2,7192108,Pages_with_script_errors,20722,Hololive_Production
sat,2026-07-01,2026-08-29,3,4960490,Languages,9583,Santali_language
sat,2026-07-01,2026-08-29,4,7214658,Cities_and_towns_in_India,6715,Bengaluru
sat,2026-07-01,2026-08-29,5,4095812,Medicine,2205,Woman
sat,2026-07-01,2026-08-29,6,7030483,Indian_politicians,2905,Rekha_Gupta
sat,2026-07-01,2026-08-29,7,7146048,Jharkhand,2709,Santali_language
sat,2026-07-01,2026-08-29,8,4026570,Countries,6550,India
sat,2026-07-01,2026-08-29,9,8704144,Santhal,1887,Santali_language
sat,2026-07-01,2026-08-29,10,8383492,Districts_of_India,7872,Dindigul_district
sat,2026-07-01,2026-08-29,11,1455458,Bangladesh,2067,Santali_language
sat,2026-07-01,2026-08-29,12,6467274,Indian_actresses,5402,Antara_Biswas
sat,2026-07-01,2026-08-29,13,6721833,Airports_in_India,1318,List_of_airports_in_India
sat,2026-07-01,2026-08-29,14,5610083,Asia,4900,India
sat,2026-07-01,2026-08-29,15,8561815,Janata_Dal_politicians,912,Rewati_Raman_Singh
sat,2026-07-01,2026-08-29,16,7085149,Nepal,1292,Santal_people
sat,2026-07-01,2026-08-29,17,7089019,Villages_in_India,812,Paikar
sat,2026-07-01,2026-08-29,18,9056380,Cities_and_towns_in_Jharkhand,1279,Chandrapura
sat,2026-07-01,2026-08-29,19,8666484,Rivers_of_West_Bengal,622,Ichamati_River
sat,2026-07-01,2026-08-29,20,6834346,Indian_writers,1597,Raghunath_Murmu
sat,2026-07-01,2026-08-29,21,3919830,British_people,839,William_Shakespeare
sat,2026-07-01,2026-08-29,22,7146693,West_Bengal,2022,Santali_language
sat,2026-07-01,2026-08-29,23,9126476,Cities,4456,Bengaluru
sat,2026-07-01,2026-08-29,24,7291943,Culture_of_India,1245,Sarnaism
sat,2026-07-01,2026-08-29,25,8383831,Districts_of_Pakistan,444,Narowal_District
sd,2026-07-01,2026-08-29,1,1457673,Geography,36078,Maghreb
sd,2026-07-01,2026-08-29,2,4966070,Calendars,36139,Leo_(astrology)
sd,2026-07-01,2026-08-29,3,1458083,Science,19280,HIV/AIDS
sd,2026-07-01,2026-08-29,4,1455849,Pakistan,15325,"Punjab,_Pakistan"
sd,2026-07-01,2026-08-29,5,2944929,Culture,16947,Sindhi_language
sd,2026-07-01,2026-08-29,6,1984000,Islam,14140,Al-Lat
sd,2026-07-01,2026-08-29,7,8745886,Sindhi_people,7860,Sindhi_names
sd,2026-07-01,2026-08-29,8,5897849,Wikipedia:Beleg_fehlet,17403,Wikipedia
sd,2026-07-01,2026-08-29,9,4103183,Politics,10573,Maghreb
sd,2026-07-01,2026-08-29,10,1411417,India,11256,Teejan_Bai
sd,2026-07-01,2026-08-29,11,1457402,Biology,11025,HIV/AIDS
sd,2026-07-01,2026-08-29,12,8745838,Sindh,9642,Sindh
sd,2026-07-01,2026-08-29,13,1457595,History,17271,Muhammad
sd,2026-07-01,2026-08-29,14,9126476,Cities,13647,Karachi
sd,2026-07-01,2026-08-29,15,4884546,Technology,7414,Neon
sd,2026-07-01,2026-08-29,16,1410960,United_States,8242,Wikimedia_Foundation
sd,2026-07-01,2026-08-29,17,9761762,Cities_in_Pakistan,5143,Karachi
sd,2026-07-01,2026-08-29,18,8259,Literature,8047,Sindhi_names
sd,2026-07-01,2026-08-29,19,7029947,Pakistani_people,4996,Muhammad_Iqbal
sd,2026-07-01,2026-08-29,20,1457109,Plants,4779,Bacteria
sd,2026-07-01,2026-08-29,21,99638316,Short_description_matches_Wikidata,6335,Al-Lat
sd,2026-07-01,2026-08-29,22,8519247,History_of_Sindh,4666,Shah_Abdul_Latif_Bhittai
sd,2026-07-01,2026-08-29,23,8833801,Tehsils_of_Pakistan,1885,"Nasirabad,_Sindh"
sd,2026-07-01,2026-08-29,24,1457474,Chemistry,5101,Neon
sd,2026-07-01,2026-08-29,25,23706330,Bu_dem_liwot,18537,Maghreb
si,2026-07-01,2026-08-29,1,7085549,Sri_Lanka,166446,Sigiriya
si,2026-07-01,2026-08-29,2,1458083,Science,110845,Sexual_intercourse
si,2026-07-01,2026-08-29,3,1457673,Geography,88218,Sri_Lanka
si,2026-07-01,2026-08-29,4,1983832,Buddhism,88390,Temple_of_the_Tooth
si,2026-07-01,2026-08-29,5,1457402,Biology,79412,Sexual_intercourse
si,2026-07-01,2026-08-29,6,4638,History_of_Sri_Lanka,103095,Sigiriya
si,2026-07-01,2026-08-29,7,1457595,History,67232,Buddhist_councils
si,2026-07-01,2026-08-29,8,8807950,Sri_Lankan_Buddhists,65787,රඹුකන_සිද්ධාර්ථ_හිමි
si,2026-07-01,2026-08-29,9,2944929,Culture,78697,Sigiriya
si,2026-07-01,2026-08-29,10,4095812,Medicine,58883,Masturbation
si,2026-07-01,2026-08-29,11,9873653,සාම්ප්‍රදායික_සිංහල_දැණුම,20249,සූනන්_ඇඟ_වැටීමේ_ඵලාඵල
si,2026-07-01,2026-08-29,12,4966070,Calendars,21891,664
si,2026-07-01,2026-08-29,13,1411417,India,38249,Mahatma_Gandhi
si,2026-07-01,2026-08-29,14,6517860,Computer_science,22688,History_of_computing_hardware
si,2026-07-01,2026-08-29,15,7487059,Sinhalese_people,43717,Dutugamunu_the_Great
si,2026-07-01,2026-08-29,16,1457109,Plants,26017,Mesua_ferrea
si,2026-07-01,2026-08-29,17,1458429,Buildings_and_structures,32974,Sigiriya
si,2026-07-01,2026-08-29,18,1410960,United_States,24470,Henry_Steel_Olcott
si,2026-07-01,2026-08-29,19,1457982,Sports,16408,Volleyball
si,2026-07-01,2026-08-29,20,4026563,Law,21015,Education
si,2026-07-01,2026-08-29,21,6964748,Geography_of_Sri_Lanka,37797,Sigiriya
si,2026-07-01,2026-08-29,22,8666407,National_schools_in_Sri_Lanka,10089,Anula_Vidyalaya
si,2026-07-01,2026-08-29,23,9864733,ශ්‍රී_ලාංකික_ඉතිහාසය_කොට_ලිපි,20234,Dutugamunu_the_Great
si,2026-07-01,2026-08-29,24,8259794,Archaeological_sites_in_Sri_Lanka,56452,Sigiriya
si,2026-07-01,2026-08-29,25,8303056,Sexuality,32594,Sexual_intercourse
ta,2026-07-01,2026-08-29,1,1411417,India,1309712,K._Kamaraj
ta,2026-07-01,2026-08-29,2,125498801,Tamil-language_Indian_films,761626,Jana_Nayagan
ta,2026-07-01,2026-08-29,3,1983910,Hinduism,742432,Tamil_Nadu
ta,2026-07-01,2026-08-29,4,1457402,Biology,297639,Oral_sex
ta,2026-07-01,2026-08-29,5,1457673,Geography,365987,Tamil_Nadu
ta,2026-07-01,2026-08-29,6,1457595,History,347862,Subhas_Chandra_Bose
ta,2026-07-01,2026-08-29,7,7146096,Tamil_Nadu,373141,Tamil_Nadu
ta,2026-07-01,2026-08-29,8,6375729,Tamil-language_literature,218097,Subramania_Bharati
ta,2026-07-01,2026-08-29,9,1458083,Science,299159,Human_penis
ta,2026-07-01,2026-08-29,10,1457109,Plants,188640,Avocado
ta,2026-07-01,2026-08-29,11,4966070,Calendars,143102,Morning
ta,2026-07-01,2026-08-29,12,25220062,Writers_from_Tamil_Nadu,154796,Kannadasan
ta,2026-07-01,2026-08-29,13,7705588,Cities_and_towns_in_Tamil_Nadu,159905,Chennai
ta,2026-07-01,2026-08-29,14,2944929,Culture,331487,Tamil_language
ta,2026-07-01,2026-08-29,15,6994462,Indian_people,596799,K._Kamaraj
ta,2026-07-01,2026-08-29,16,8829132,Politicians_from_Tamil_Nadu,246420,K._Kamaraj
ta,2026-07-01,2026-08-29,17,4095812,Medicine,209641,Masturbation
ta,2026-07-01,2026-08-29,18,1410960,United_States,123661,United_States
ta,2026-07-01,2026-08-29,19,8829234,Actresses_in_Tamil_cinema,252534,Preity_Mukhundhan
ta,2026-07-01,2026-08-29,20,4630,History_of_India,328018,India
ta,2026-07-01,2026-08-29,21,10134118,விக்கிப்படுத்தப்பட_வேண்டிய_கட்டுரைகள்,155403,G._D._Naidu
ta,2026-07-01,2026-08-29,22,32910244,തേവാരസ്തുതി_ചെയ്യപ്പെട്ട_ശിവക്ഷേത്രങ്ങൾ,149745,மாவட்ட_வாரியான_தேவாரம்_பாடல்_பெற்ற_சிவாலயங்கள்
ta,2026-07-01,2026-08-29,23,15271863,Male_actors_in_Tamil_cinema,273972,C._Joseph_Vijay
ta,2026-07-01,2026-08-29,24,1983866,Christianity,97866,Mother_Teresa
ta,2026-07-01,2026-08-29,25,8703369,Sangam_literature,105181,Kural
tcy,2026-07-01,2026-08-29,1,1983910,Hinduism,13600,Yajurveda
tcy,2026-07-01,2026-08-29,2,33097446,ವ್ಯಕ್ತಿಲು,14150,ಸತೀಶ್_ಬಂದಲೆ
tcy,2026-07-01,2026-08-29,3,7192108,Pages_with_script_errors,12293,Mahatma_Gandhi
tcy,2026-07-01,2026-08-29,4,1457109,Plants,6772,ತಜಂಕ್_ತಪ್ಪು
tcy,2026-07-01,2026-08-29,5,33097467,ಎಲ್ಯ_ಲೇಕೊನೊಲು,8298,Christianity
tcy,2026-07-01,2026-08-29,6,4960490,Languages,6635,Byari_dialect
tcy,2026-07-01,2026-08-29,7,7145985,Karnataka,8494,Dakshina_Kannada
tcy,2026-07-01,2026-08-29,8,33097396,ತುಳುನಾಡ್ದ_ಸಂಸ್ಕೃತಿ,4976,Aati_kalenja
tcy,2026-07-01,2026-08-29,9,1458083,Science,6474,Fungus
tcy,2026-07-01,2026-08-29,10,106846511,ಪೊಂಜೊವುಲು,4012,Ankita_Raina
tcy,2026-07-01,2026-08-29,11,33097344,ತುಳು_ಜಾನಪದ,4287,Aati_kalenja
tcy,2026-07-01,2026-08-29,12,109128801,ವಿಕಿ_ಲವ್ಸ್_ವಿಮೆನ್_ಸೌತ್_ಏಶಿಯಾ_೨೦೨೧,3853,Deepti_Sharma
tcy,2026-07-01,2026-08-29,13,33097358,ಊರುಲು,3915,Melukote
tcy,2026-07-01,2026-08-29,14,1457903,Religion,6459,Yajurveda
tcy,2026-07-01,2026-08-29,15,33097386,ತೆನಸ್,1982,ತುಳುವೆರೆ_ತೆನಸ್
tcy,2026-07-01,2026-08-29,16,33097388,ತುಳು,3718,Tulu_Nadu
tcy,2026-07-01,2026-08-29,17,106846470,ತುಲುವೆರೆ_ಸೊತ್ತುಲು,2145,ಪಡಿ
tcy,2026-07-01,2026-08-29,18,24896203,Tulu_Nadu,4754,Dakshina_Kannada
tcy,2026-07-01,2026-08-29,19,33097393,ತುಳುನಾಡ_ಸಂಸ್ಕೃತಿ,2701,ತುಳುನಾಡ್‍ದ_ದೈವೊಲು
tcy,2026-07-01,2026-08-29,20,106846604,ವಿಕಿ_ಲವ್ಸ್_ವಿಮೆನ್_ಸೌತ್_ಏಶಿಯಾ_-_೨೦೨೦,1954,ಮಂತ್ರ_ದೇವತೆ
tcy,2026-07-01,2026-08-29,21,33097462,Freedom_fighters_of_India,1221,Karnad_Sadashiva_Rao
tcy,2026-07-01,2026-08-29,22,33097373,ಗೊಬ್ಬುದಕುಲು,2022,Deepti_Sharma
tcy,2026-07-01,2026-08-29,23,136700817,Article_du_Mois_asiatique_Wikipédia_2025,692,Aamna_Sharif
tcy,2026-07-01,2026-08-29,24,33097389,ತುಳು_ಅಕ್ಷರಮಾಲೆ,1175,Tigalari_script
tcy,2026-07-01,2026-08-29,25,33097491,ವಿಜ್ಞಾನ_ಸಾಹಿತ್ಯ,1295,Amoeba_(genus)
te,2026-07-01,2026-08-29,1,1983910,Hinduism,611367,Varalakshmi_Vratam
te,2026-07-01,2026-08-29,2,6994462,Indian_people,482417,Bhagyashri_Borse
te,2026-07-01,2026-08-29,3,5668044,Indian_films,281898,The_Paradise_(film)
te,2026-07-01,2026-08-29,4,3919792,Actors,352364,S._Janaki
te,2026-07-01,2026-08-29,5,5897849,Wikipedia:Beleg_fehlet,259519,Independence_Day_(India)
te,2026-07-01,2026-08-29,6,8838402,Telugu_people,302477,S._Janaki
te,2026-07-01,2026-08-29,7,9916522,Actresses_in_Telugu_cinema,322137,Sri_Gouri_Priya
te,2026-07-01,2026-08-29,8,5610882,«نوع»_میکروفورماتلاری_اولان_مقاله‌لر,139755,Russell's_viper
te,2026-07-01,2026-08-29,9,7238283,Andhra_Pradesh,169696,Eenadu
te,2026-07-01,2026-08-29,10,8838328,Telugu-language_films,207913,List_of_Telugu_films_of_2026
te,2026-07-01,2026-08-29,11,1457673,Geography,150921,India
te,2026-07-01,2026-08-29,12,1457595,History,213945,Sardar_Sarvar_Papanna_Goud
te,2026-07-01,2026-08-29,13,8838370,Actors_in_Telugu_cinema,228102,Akhil_Akkineni
te,2026-07-01,2026-08-29,14,8838360,Telugu_Desam_Party_politicians,102769,Mudragada_Padmanabham
te,2026-07-01,2026-08-29,15,8838415,Telugu_writers,123493,Gidugu_Venkata_Ramamurthy
te,2026-07-01,2026-08-29,16,7089019,Villages_in_India,79063,Bhogapuram
te,2026-07-01,2026-08-29,17,2945924,Lists,92543,List_of_districts_of_Andhra_Pradesh
te,2026-07-01,2026-08-29,18,8838381,Telugu_film_directors,110743,Shiva_Nirvana
te,2026-07-01,2026-08-29,19,7030483,Indian_politicians,233273,Mahatma_Gandhi
te,2026-07-01,2026-08-29,20,9898839,విస్తరించవలసిన_వ్యాసాలు,175760,Independence_Day_(India)
te,2026-07-01,2026-08-29,21,6493807,Cricket,75514,Virat_Kohli
te,2026-07-01,2026-08-29,22,9824873,తేదీలు,52024,August_1
te,2026-07-01,2026-08-29,23,7214658,Cities_and_towns_in_India,95120,Hyderabad
te,2026-07-01,2026-08-29,24,1457402,Biology,139131,Sexual_intercourse
te,2026-07-01,2026-08-29,25,4630,History_of_India,244802,Independence_Day_(India)
ur,2026-07-01,2026-08-29,1,1984000,Islam,553923,Inna_lillahi_wa_inna_ilayhi_raji'un
ur,2026-07-01,2026-08-29,2,1457673,Geography,419647,Turkey
ur,2026-07-01,2026-08-29,3,1411417,India,253595,2025_India–Pakistan_conflict
ur,2026-07-01,2026-08-29,4,1410960,United_States,265646,Epstein_files
ur,2026-07-01,2026-08-29,5,1457595,History,358708,Muhammad
ur,2026-07-01,2026-08-29,6,1455849,Pakistan,205085,2025_India–Pakistan_conflict
ur,2026-07-01,2026-08-29,7,1411712,Iran,251474,2026_Iran_war
ur,2026-07-01,2026-08-29,8,6946332,Punjabi_people,129710,Muhammad_Iqbal
ur,2026-07-01,2026-08-29,9,4966070,Calendars,128947,337
ur,2026-07-01,2026-08-29,10,9126476,Cities,205055,Islamabad
ur,2026-07-01,2026-08-29,11,1458083,Science,131137,Tropical_cyclone
ur,2026-07-01,2026-08-29,12,18640871,7th-century_Arab_people,182862,Muhammad
ur,2026-07-01,2026-08-29,13,6493807,Cricket,86623,Imran_Khan
ur,2026-07-01,2026-08-29,14,2944929,Culture,165059,English_language
ur,2026-07-01,2026-08-29,15,7145024,Indian_Muslims,119755,Ahmed_Raza_Khan_Barelvi
ur,2026-07-01,2026-08-29,16,4103183,Politics,130298,Abraham_Accords
ur,2026-07-01,2026-08-29,17,1411579,Turkey,101914,Turkey
ur,2026-07-01,2026-08-29,18,6840573,English-language_films,46316,Six_Bullets
ur,2026-07-01,2026-08-29,19,1457402,Biology,83816,Homosexuality
ur,2026-07-01,2026-08-29,20,7130256,History_of_Islam,350310,Muhammad
ur,2026-07-01,2026-08-29,21,7033958,Asteroids,41778,8558_ہیک
ur,2026-07-01,2026-08-29,22,7029947,Pakistani_people,124046,Muhammad_Iqbal
ur,2026-07-01,2026-08-29,23,1411125,United_Kingdom,91791,English_language
ur,2026-07-01,2026-08-29,24,54059,Kings,99619,Abu_Bakr
ur,2026-07-01,2026-08-29,25,4960490,Languages,81508,English_language
