lang,language,family,script,status,project,dbname,domain,closed,first_revision,first_edit_month,first_active_month,inception_wikidata,launch_date,review_dates
anp,Angika,indo-aryan,Devanagari,include,wikipedia,anpwiki,anp.wikipedia.org,,2004-08-11T04:19:22Z,2004-08,2005-07,2023-03-22,2023-03-22,
as,Assamese,indo-aryan,Bengali-Assamese,include,wikipedia,aswiki,as.wikipedia.org,,2002-06-02T16:16:59Z,2002-06,2004-05,2002-06-02,2002-06-02,
as,Assamese,indo-aryan,Bengali-Assamese,include,wiktionary,aswiktionary,as.wiktionary.org,yes,2004-01-29T14:42:02Z,,,,,
as,Assamese,indo-aryan,Bengali-Assamese,include,wikisource,aswikisource,as.wikisource.org,,2004-10-03T19:59:09Z,2004-10,2006-12,2011-11-24,,yes
as,Assamese,indo-aryan,Bengali-Assamese,include,wikiquote,aswikiquote,as.wikiquote.org,,2008-08-02T17:56:53Z,2008-08,2021-08,,,yes
as,Assamese,indo-aryan,Bengali-Assamese,include,wikibooks,aswikibooks,as.wikibooks.org,yes,2004-08-01T14:33:03Z,,,,,
awa,Awadhi,indo-aryan,Devanagari,include,wikipedia,awawiki,awa.wikipedia.org,,2005-11-15T05:04:21Z,2005-11,2006-03,2020-05-21,2020-05-21,
bh,Bhojpuri,indo-aryan,Devanagari,include,wikipedia,bhwiki,bh.wikipedia.org,,2001-08-14T11:18:51Z,2001-08,2002-10,,2003-02-21,
bh,Bhojpuri,indo-aryan,Devanagari,include,wiktionary,bhwiktionary,bh.wiktionary.org,yes,2004-01-29T13:47:31Z,,,,,
bn,Bengali,indo-aryan,Bengali-Assamese,include,wikipedia,bnwiki,bn.wikipedia.org,,2004-01-27T16:45:54Z,2004-01,2004-02,2004-01-27,2004-01-27,
bn,Bengali,indo-aryan,Bengali-Assamese,include,wiktionary,bnwiktionary,bn.wiktionary.org,,2004-01-29T14:24:51Z,2004-01,2004-06,,,
bn,Bengali,indo-aryan,Bengali-Assamese,include,wikisource,bnwikisource,bn.wikisource.org,,2004-08-04T22:09:53Z,2004-08,2006-02,2007-09-25,,yes
bn,Bengali,indo-aryan,Bengali-Assamese,include,wikiquote,bnwikiquote,bn.wikiquote.org,,2004-05-31T21:06:56Z,2004-05,2004-10,2022-10-10,,yes
bn,Bengali,indo-aryan,Bengali-Assamese,include,wikibooks,bnwikibooks,bn.wikibooks.org,,2004-08-10T09:33:04Z,2004-08,2005-12,,,yes
bn,Bengali,indo-aryan,Bengali-Assamese,include,wikivoyage,bnwikivoyage,bn.wikivoyage.org,,2004-06-21T18:46:12Z,2004-06,2014-01,2018-06-08,,yes
bpy,Bishnupriya Manipuri,indo-aryan,Bengali-Assamese,include,wikipedia,bpywiki,bpy.wikipedia.org,,2006-08-03T20:05:35Z,2006-08,2006-10,,2006-09-30,
dty,Doteli,indo-aryan,Devanagari,include,wikipedia,dtywiki,dty.wikipedia.org,,2002-07-25T11:59:02Z,2002-07,2002-07,2017-04-27,2017-04-24,
dv,Dhivehi,indo-aryan,Thaana,include,wikipedia,dvwiki,dv.wikipedia.org,,2004-08-28T14:33:31Z,2004-08,2004-12,2007-01-01,2004-08-28,
dv,Dhivehi,indo-aryan,Thaana,include,wiktionary,dvwiktionary,dv.wiktionary.org,,2004-12-05T18:33:22Z,2004-12,2005-12,,,
gom,Konkani,indo-aryan,Devanagari and Latin,include,wikipedia,gomwiki,gom.wikipedia.org,,2004-01-20T19:48:58Z,2004-01,2004-02,2015-07-01,2015-06-16,
gom,Konkani,indo-aryan,Devanagari and Latin,include,wiktionary,gomwiktionary,gom.wiktionary.org,,2005-11-28T23:00:57Z,2005-11,2007-04,2020-05-20,,yes
gu,Gujarati,indo-aryan,Gujarati,include,wikipedia,guwiki,gu.wikipedia.org,,2002-09-30T02:27:37Z,2002-09,2004-01,2004-07-01,2004-07-01,
gu,Gujarati,indo-aryan,Gujarati,include,wiktionary,guwiktionary,gu.wiktionary.org,,2004-01-29T15:06:38Z,2004-01,2004-01,,,
gu,Gujarati,indo-aryan,Gujarati,include,wikisource,guwikisource,gu.wikisource.org,,2004-04-27T14:23:15Z,2004-04,2004-11,2012-03-25,,yes
gu,Gujarati,indo-aryan,Gujarati,include,wikiquote,guwikiquote,gu.wikiquote.org,,2004-05-31T21:06:56Z,2004-05,2004-10,,,
gu,Gujarati,indo-aryan,Gujarati,include,wikibooks,guwikibooks,gu.wikibooks.org,yes,2004-08-28T11:33:22Z,,,,,
hi,Hindi,indo-aryan,Devanagari,include,wikipedia,hiwiki,hi.wikipedia.org,,2001-11-15T03:32:17Z,2001-11,2003-07,2003-07-11,2003-07-11,
hi,Hindi,indo-aryan,Devanagari,include,wiktionary,hiwiktionary,hi.wiktionary.org,,2003-12-05T06:42:07Z,2003-12,2003-12,,,
hi,Hindi,indo-aryan,Devanagari,include,wikisource,hiwikisource,hi.wikisource.org,,2003-12-05T06:42:07Z,2003-12,2005-04,2019-10-08,,yes
hi,Hindi,indo-aryan,Devanagari,include,wikiquote,hiwikiquote,hi.wikiquote.org,,2004-02-22T20:20:21Z,2004-02,2005-04,,,yes
hi,Hindi,indo-aryan,Devanagari,include,wikibooks,hiwikibooks,hi.wikibooks.org,,2004-05-28T12:51:39Z,2004-05,2004-07,,,
hi,Hindi,indo-aryan,Devanagari,include,wikivoyage,hiwikivoyage,hi.wikivoyage.org,,2013-01-15T09:28:13Z,2013-01,2013-01,2017-09-25,,yes
hi,Hindi,indo-aryan,Devanagari,include,wikiversity,hiwikiversity,hi.wikiversity.org,,2004-05-31T21:06:56Z,2004-05,2004-10,,,
kn,Kannada,dravidian,Kannada,include,wikipedia,knwiki,kn.wikipedia.org,,2002-05-26T03:32:40Z,2002-05,2003-01,2003-06-12,2003-06-01,
kn,Kannada,dravidian,Kannada,include,wiktionary,knwiktionary,kn.wiktionary.org,,2004-01-29T11:44:13Z,2004-01,2004-01,2004-01-29,,
kn,Kannada,dravidian,Kannada,include,wikisource,knwikisource,kn.wikisource.org,,2004-05-31T21:06:56Z,2004-05,2004-10,2006-06-03,,yes
kn,Kannada,dravidian,Kannada,include,wikiquote,knwikiquote,kn.wikiquote.org,,2004-09-27T10:33:08Z,2004-09,2004-11,2004-09-27,,
kn,Kannada,dravidian,Kannada,include,wikibooks,knwikibooks,kn.wikibooks.org,yes,2004-08-24T04:33:21Z,,,2004-08-24,,
ks,Kashmiri,indo-aryan,Perso-Arabic,include,wikipedia,kswiki,ks.wikipedia.org,,2003-07-26T04:37:02Z,2003-07,2004-06,,2004-03-25,
ks,Kashmiri,indo-aryan,Perso-Arabic,include,wiktionary,kswiktionary,ks.wiktionary.org,,2004-01-29T13:31:32Z,2004-01,2004-06,,,
ks,Kashmiri,indo-aryan,Perso-Arabic,include,wikiquote,kswikiquote,ks.wikiquote.org,yes,2004-09-09T20:33:30Z,,,,,
ks,Kashmiri,indo-aryan,Perso-Arabic,include,wikibooks,kswikibooks,ks.wikibooks.org,yes,2004-07-28T19:33:07Z,,,,,
mag,Magahi,indo-aryan,Devanagari,include,wikipedia,magwiki,mag.wikipedia.org,,2022-10-02T09:47:46Z,2022-10,2022-10,2026-06-18,2026-06-18,
mai,Maithili,indo-aryan,Devanagari,include,wikipedia,maiwiki,mai.wikipedia.org,,2002-07-25T11:59:02Z,2002-07,2002-07,2014-11-06,2014-11-06,
ml,Malayalam,dravidian,Malayalam,include,wikipedia,mlwiki,ml.wikipedia.org,,2002-09-30T02:27:37Z,2002-07,2002-12,2002-12-21,2002-12-21,
ml,Malayalam,dravidian,Malayalam,include,wiktionary,mlwiktionary,ml.wiktionary.org,,2003-12-05T06:42:21Z,2003-12,2004-06,,,
ml,Malayalam,dravidian,Malayalam,include,wikisource,mlwikisource,ml.wikisource.org,,2003-12-20T19:43:57Z,2003-12,2004-09,2006-03-29,,yes
ml,Malayalam,dravidian,Malayalam,include,wikiquote,mlwikiquote,ml.wikiquote.org,,2002-12-23T03:23:27Z,2002-12,2003-05,,,
ml,Malayalam,dravidian,Malayalam,include,wikibooks,mlwikibooks,ml.wikibooks.org,,2004-08-09T17:33:05Z,2004-08,2004-11,,,
mni,Meitei (Manipuri),tibeto-burman,Meitei Mayek,include,wikipedia,mniwiki,mni.wikipedia.org,,2012-12-26T16:36:02Z,2012-12,2018-06,2021-02-25,2021-02-22,
mni,Meitei (Manipuri),tibeto-burman,Meitei Mayek,include,wiktionary,mniwiktionary,mni.wiktionary.org,,2018-06-22T17:33:41Z,2018-06,2018-07,2021-02-22,,yes
mr,Marathi,indo-aryan,Devanagari,include,wikipedia,mrwiki,mr.wikipedia.org,,2003-05-01T19:59:42Z,2003-05,2004-05,2003-05-01,2003-05-01,
mr,Marathi,indo-aryan,Devanagari,include,wiktionary,mrwiktionary,mr.wiktionary.org,,2004-01-29T12:49:21Z,2004-01,2004-01,,,
mr,Marathi,indo-aryan,Devanagari,include,wikisource,mrwikisource,mr.wikisource.org,,2004-07-23T21:10:26Z,2004-07,2004-11,2007-07-17,,yes
mr,Marathi,indo-aryan,Devanagari,include,wikiquote,mrwikiquote,mr.wikiquote.org,,2004-11-05T22:33:10Z,2004-11,2005-04,,,
mr,Marathi,indo-aryan,Devanagari,include,wikibooks,mrwikibooks,mr.wikibooks.org,,2004-08-15T07:33:12Z,2004-08,2004-12,,,
ne,Nepali,indo-aryan,Devanagari,include,wikipedia,newiki,ne.wikipedia.org,,2002-06-03T11:48:54Z,2002-06,2004-02,,2002-06-03,
ne,Nepali,indo-aryan,Devanagari,include,wiktionary,newiktionary,ne.wiktionary.org,,2004-01-29T15:14:04Z,2004-01,2004-11,,,
ne,Nepali,indo-aryan,Devanagari,include,wikibooks,newikibooks,ne.wikibooks.org,,2004-06-29T10:01:11Z,2004-06,2005-12,,,yes
new,Newar (Nepal Bhasa),tibeto-burman,Devanagari,include,wikipedia,newwiki,new.wikipedia.org,,2006-06-04T21:19:15Z,2006-06,2006-06,2006-12-23,2006-06-04,
or,Odia,indo-aryan,Odia,include,wikipedia,orwiki,or.wikipedia.org,,2002-06-03T11:56:13Z,2002-06,2004-02,2002-06-03,2002-06-01,
or,Odia,indo-aryan,Odia,include,wiktionary,orwiktionary,or.wiktionary.org,,2004-01-29T14:05:47Z,2004-01,2004-06,,,
or,Odia,indo-aryan,Odia,include,wikisource,orwikisource,or.wikisource.org,,2005-02-10T00:40:24Z,2005-02,2006-02,2013-01-09,,yes
pa,Punjabi (Gurmukhi),indo-aryan,Gurmukhi,include,wikipedia,pawiki,pa.wikipedia.org,,2002-06-03T12:00:25Z,2002-06,2004-03,2002-06-03,2002-06-03,
pa,Punjabi (Gurmukhi),indo-aryan,Gurmukhi,include,wiktionary,pawiktionary,pa.wiktionary.org,,2004-01-29T14:11:15Z,2004-01,2004-06,,,
pa,Punjabi (Gurmukhi),indo-aryan,Gurmukhi,include,wikisource,pawikisource,pa.wikisource.org,,2004-04-27T14:23:15Z,2004-04,2004-09,2017-04-14,,yes
pa,Punjabi (Gurmukhi),indo-aryan,Gurmukhi,include,wikibooks,pawikibooks,pa.wikibooks.org,,2004-07-27T22:33:06Z,2004-07,2008-10,,,yes
pi,Pali,indo-aryan,Devanagari,include,wikipedia,piwiki,pi.wikipedia.org,,2004-08-29T00:33:06Z,2004-08,2005-01,,2005-01-01,
pi,Pali,indo-aryan,Devanagari,include,wiktionary,piwiktionary,pi.wiktionary.org,yes,2005-01-15T20:33:01Z,,,,,
pnb,Punjabi (Shahmukhi),indo-aryan,Perso-Arabic,include,wikipedia,pnbwiki,pnb.wikipedia.org,,2004-11-08T00:51:57Z,2004-11,2004-11,2008-10-24,2008-10-24,
pnb,Punjabi (Shahmukhi),indo-aryan,Perso-Arabic,include,wiktionary,pnbwiktionary,pnb.wiktionary.org,,2008-11-20T15:44:44Z,2008-11,2008-11,,,
sa,Sanskrit,indo-aryan,Devanagari,include,wikipedia,sawiki,sa.wikipedia.org,,2003-12-21T06:30:16Z,2003-12,2004-02,2004-01-01,2003-12-01,
sa,Sanskrit,indo-aryan,Devanagari,include,wiktionary,sawiktionary,sa.wiktionary.org,,2004-01-29T15:18:05Z,2004-01,2004-01,,,
sa,Sanskrit,indo-aryan,Devanagari,include,wikisource,sawikisource,sa.wikisource.org,,2004-07-23T18:55:31Z,2004-07,2004-07,2011-03-18,,yes
sa,Sanskrit,indo-aryan,Devanagari,include,wikiquote,sawikiquote,sa.wikiquote.org,,2011-04-09T14:57:28Z,2011-04,2011-04,,,
sa,Sanskrit,indo-aryan,Devanagari,include,wikibooks,sawikibooks,sa.wikibooks.org,,2004-08-08T08:33:04Z,2004-08,2007-08,,,yes
sat,Santali,munda,Ol Chiki,include,wikipedia,satwiki,sat.wikipedia.org,,2004-07-12T19:11:36Z,2004-07,2005-07,2018-08-06,2018-08-02,
sat,Santali,munda,Ol Chiki,include,wiktionary,satwiktionary,sat.wiktionary.org,,2018-06-04T20:40:46Z,2018-06,2018-06,,,
sd,Sindhi,indo-aryan,Perso-Arabic,include,wikipedia,sdwiki,sd.wikipedia.org,,2003-12-26T05:47:53Z,2003-12,2004-05,2006-02-14,2006-02-06,
sd,Sindhi,indo-aryan,Perso-Arabic,include,wiktionary,sdwiktionary,sd.wiktionary.org,,2004-01-29T15:40:08Z,2004-01,2004-01,,,
sd,Sindhi,indo-aryan,Perso-Arabic,include,wikinews,sdwikinews,sd.wikinews.org,yes,2006-09-13T21:07:45Z,,,,,
si,Sinhala,indo-aryan,Sinhala,include,wikipedia,siwiki,si.wikipedia.org,,2003-06-16T20:17:36Z,2003-06,2003-06,,2005-07-01,
si,Sinhala,indo-aryan,Sinhala,include,wiktionary,siwiktionary,si.wiktionary.org,,2004-01-29T14:06:54Z,2004-01,2004-06,,,
si,Sinhala,indo-aryan,Sinhala,include,wikibooks,siwikibooks,si.wikibooks.org,,2004-10-08T13:33:04Z,2004-10,2007-06,,,yes
skr,Saraiki,indo-aryan,Perso-Arabic,include,wikipedia,skrwiki,skr.wikipedia.org,,2008-11-24T08:40:52Z,2008-11,2008-11,2020-12-15,2020-11-22,
skr,Saraiki,indo-aryan,Perso-Arabic,include,wiktionary,skrwiktionary,skr.wiktionary.org,,2013-10-30T15:14:40Z,2013-10,2015-01,2020-12-15,,yes
ta,Tamil,dravidian,Tamil,include,wikipedia,tawiki,ta.wikipedia.org,,2003-09-30T18:34:48Z,2003-09,2003-11,2003-09-01,2003-09-01,
ta,Tamil,dravidian,Tamil,include,wiktionary,tawiktionary,ta.wiktionary.org,,2004-01-12T03:06:21Z,2004-01,2004-01,,,
ta,Tamil,dravidian,Tamil,include,wikisource,tawikisource,ta.wikisource.org,,2004-08-02T02:12:15Z,2004-08,2005-03,2007-05-08,,yes
ta,Tamil,dravidian,Tamil,include,wikiquote,tawikiquote,ta.wikiquote.org,,2004-07-20T18:57:50Z,2004-07,2004-07,,,
ta,Tamil,dravidian,Tamil,include,wikibooks,tawikibooks,ta.wikibooks.org,,2004-08-18T18:33:11Z,2004-08,2005-07,,,
ta,Tamil,dravidian,Tamil,include,wikinews,tawikinews,ta.wikinews.org,yes,2006-12-01T00:42:55Z,,,,,
tcy,Tulu,dravidian,Kannada,include,wikipedia,tcywiki,tcy.wikipedia.org,,2003-12-06T05:56:37Z,2003-12,2004-03,2016-08-05,2016-08-06,
tcy,Tulu,dravidian,Kannada,include,wiktionary,tcywiktionary,tcy.wiktionary.org,,2006-09-14T21:05:02Z,2006-09,2006-09,,,
tcy,Tulu,dravidian,Kannada,include,wikisource,tcywikisource,tcy.wikisource.org,,2006-01-22T12:30:26Z,2006-01,2006-01,2024-10-30,,yes
te,Telugu,dravidian,Telugu,include,wikipedia,tewiki,te.wikipedia.org,,2002-10-26T05:48:21Z,2002-10,2003-05,2003-12-09,2003-12-10,
te,Telugu,dravidian,Telugu,include,wiktionary,tewiktionary,te.wiktionary.org,,2004-01-29T13:40:28Z,2004-01,2004-01,,,
te,Telugu,dravidian,Telugu,include,wikisource,tewikisource,te.wikisource.org,,2005-02-10T00:40:24Z,2005-02,2005-09,2007-07-01,,yes
te,Telugu,dravidian,Telugu,include,wikiquote,tewikiquote,te.wikiquote.org,,2004-12-16T18:33:02Z,2004-12,2005-11,,,
te,Telugu,dravidian,Telugu,include,wikibooks,tewikibooks,te.wikibooks.org,,2004-08-13T08:33:11Z,2004-08,2005-09,,,yes
ur,Urdu,indo-aryan,Perso-Arabic,include,wikipedia,urwiki,ur.wikipedia.org,,2004-01-27T17:36:10Z,2004-01,2004-03,2004-01-27,2004-01-24,
ur,Urdu,indo-aryan,Perso-Arabic,include,wiktionary,urwiktionary,ur.wiktionary.org,,2004-01-29T12:56:07Z,2004-01,2004-06,,,
ur,Urdu,indo-aryan,Perso-Arabic,include,wikisource,urwikisource,ur.wikisource.org,,2006-11-11T16:32:58Z,2006-11,2006-11,2026-03-05,,yes
ur,Urdu,indo-aryan,Perso-Arabic,include,wikiquote,urwikiquote,ur.wikiquote.org,,2004-11-10T18:33:11Z,2004-11,2004-12,,,
ur,Urdu,indo-aryan,Perso-Arabic,include,wikibooks,urwikibooks,ur.wikibooks.org,,2004-07-28T10:33:07Z,2004-07,2005-12,,,yes
